ENG_NAME,year,ndvi_all,ndvi_crop,rain_gs,drought_class,drought_pixel_rate,median,cropland_pct
Liuzhite,2008,0.6112534906089879,0.5652008628423703,1177.8078833624695,,,,2.27228048698804
Panzhou,2008,0.6060434468386752,0.5449879797979797,1114.0173902147203,,,,0.0864725450880446
Shuicheng,2008,0.6397740747660488,0.5874473188962359,1120.60522722192,,,,1.921523088068112
Zhongshan,2008,0.5804364196917643,0.5380681649127917,1076.1542736716744,,,,3.186154509638887
Guanlingbuyizumiaozu,2008,0.5902168789787897,0.5487139747708795,1225.2768739849764,,,,18.30559404058004
Pingba,2008,0.5724318769785935,0.5289976257785591,1076.22153197564,,,,23.04381036544468
Puding,2008,0.5954063759201427,0.5280480021683375,1137.7947923187455,,,,9.911927761216717
Xixiu,2008,0.5743358757098246,0.5402489263435565,1115.6470752658674,,,,21.52884621920908
Zhenningbuyizuandmiaozu,2008,0.6231153439936842,0.5496969540401554,1221.966210012867,,,,5.147267131763767
Ziyunmiaozuandbuyizu,2008,0.5983721892640144,0.5115470017411923,1196.7090631171495,,,,1.5019892158423918
Dafang,2008,0.6621892318050285,0.6036861018656668,972.0500635276892,,,,18.02780994513717
Hezhang,2008,0.6463425389338461,0.5753731246923709,929.8008875713784,,,,5.124168693188555
Jinsha,2008,0.6630688255601713,0.5764200081823095,931.0952359712426,,,,1.431018253961164
Nayong,2008,0.6479575832891602,0.5964553683283765,1156.2925591007609,,,,6.898442444125343
Qixingguan,2008,0.6629131829119638,0.6115414358347537,868.1037257892336,,,,9.75842044134727
Qianxi,2008,0.6119818571084344,0.5691201675371798,1042.1439608100125,,,,9.388543507179223
Weiningyizuhuizumiaozu,2008,0.5744590249808266,0.5475691529187473,859.6930682714199,,,,34.22099558416516
Zhijin,2008,0.6326717178953957,0.5853775347093041,1112.4901233198957,,,,3.332235401204219
Guanshanhu,2008,0.5548787371265043,0.5349365390125109,1054.4246114148425,,,,0.8585294211551363
Huaxi,2008,0.5715774622392784,0.5440133294330185,1085.2625696096354,,,,12.60055417198841
Kaiyang,2008,0.6583257469293495,0.5854358687683286,987.443891920672,,,,0.3329483995264734
Nanming,2008,0.527977744394258,0.5668979773109092,1052.57774812516,,,,2.23661764027848
Qingzhen,2008,0.6019811357947029,0.521498718604919,1048.1401429512457,,,,3.4670192448949595
Wudang,2008,0.6653046040619488,0.6046559523809524,1043.180651253003,,,,0.1097375193295826
Xifeng,2008,0.6338194158452926,0.5801572222222222,1021.9697387999288,,,,0.3608225055137449
Xiuwen,2008,0.6335277319455561,0.5536716295609151,1042.247236916416,,,,0.2790995482418099
Yunyan,2008,0.4809279820299233,0.541229094728361,1058.9019775141146,,,,1.6371877072739325
Baiyun,2008,0.5677611575597586,0.5238520833333333,1080.398328717006,,,,0.463004993191103
Bozhou,2008,0.6334416655825948,0.5968885179177317,932.6600792079956,,,,0.3291591893929039
Chishui,2008,0.7070928097250052,,802.7555219101508,,,,0.0
Daozhengelaozumiaozu,2008,0.6441809602500259,0.6008253706722522,801.0972591330528,,,,0.362037708402099
Fenggang,2008,0.6149845473783248,0.5263,834.0426554391174,,,,0.0132555880100867
Huichuan,2008,0.642735270935849,0.5875729166666668,847.9748971138358,,,,0.0657557984365592
Meitan,2008,0.6247331271368545,0.559073132183908,890.3677606168301,,,,0.1738245866094767
Renhuai,2008,0.6553775023590513,0.6207003257876618,785.7264031222404,,,,0.845914833623062
Suiyang,2008,0.6357183459175335,0.5617435971557683,788.6880849375326,,,,0.499793049936647
Tongzi,2008,0.6634519464587473,0.5861599051008304,740.3159377445415,,,,0.4280443029668578
Wuchuangelaozumiaozu,2008,0.6148443054986266,0.5577865625121929,795.5652283505342,,,,0.3173505550547649
Xishui,2008,0.6587222359305608,0.6005936461388074,750.4125485966881,,,,0.1542982328473391
Yuqing,2008,0.6515164873358458,0.5647422793966966,903.3829783524204,,,,0.1213940636677859
Zhengan,2008,0.6407059067393505,0.5683482023578339,755.5406685270082,,,,0.5374867708657205
Honghuagang,2008,0.5824105207280381,,938.7842491113848,,,,0.0
Bijiang,2008,0.65940802951052,0.5439173796791446,931.5759575949484,,,,0.1752654670805311
Dejiang,2008,0.6080973184704553,0.5360363145358302,805.8682200050774,,,,0.282678600620447
Jiangkou,2008,0.6248892471448508,,844.6931930155329,,,,0.0
Shiqian,2008,0.6493989185752335,0.5850354166666667,813.7040135985758,,,,0.0203202837975991
Sinan,2008,0.6197628889090917,0.5325980952380952,799.8111349025428,,,,0.0477461813002081
Songtaomiaozu,2008,0.6298073772437482,0.5588631380557242,927.572739233868,,,,0.106202726155739
Wanshan,2008,0.6507440241054988,0.5999145833333335,923.82051090338,,,,0.0593635528737197
Yanhetujiazu,2008,0.6025668039747917,0.5442750471057233,848.8092226501162,,,,0.8710159395916927
Yinjiangtujiazuandmiaozu,2008,0.6439696474530163,0.592677380952381,831.6339758127494,,,,0.0253834013459175
Yupingdongzu,2008,0.5959891537551054,0.5322807291666667,881.0759794747414,,,,0.1911698281533182
Cengong,2008,0.6421681832685338,,819.7399256083385,,,,0.0
Congjiang,2008,0.6150439641945442,0.5605228581814117,1215.8143006052658,,,,0.0677082795905818
Danzhai,2008,0.5999582425193715,0.5644237275669315,1146.7570210197089,,,,1.3763281930347002
Huangping,2008,0.6257008748716542,0.5473595405155381,924.123758306861,,,,1.1529161098511465
Jianhe,2008,0.6523784795658049,0.5717020833333333,903.9121660869772,,,,0.0114101617558225
Jinping,2008,0.6435978982136078,0.5700956157340505,900.7789389920604,,,,0.6768634021617014
Kaili,2008,0.6102436953604521,0.56537512345679,1064.1012009399417,,,,0.1295503872491013
Leishan,2008,0.6038866941130371,,1114.28031480354,,,,0.0
Liping,2008,0.6289443550235471,0.5623311293728959,1073.0276601874746,,,,0.0699572414605866
Majiang,2008,0.6345185408792233,0.5793085106382978,1123.8854233160166,,,,0.2342795368308867
Rongjiang,2008,0.6444970544232685,0.5758433615819211,1106.1162785028764,,,,0.1059165205740615
Sansui,2008,0.6165755572874595,0.4767729166666666,821.0726351361413,,,,0.024231712184275
Shibing,2008,0.6313509080768699,0.5770592458677686,823.5726874321725,,,,0.1800570020027731
Taijiang,2008,0.6364996912870714,,965.6514729813532,,,,0.0
Tianzhu,2008,0.6529670026704247,0.5524278145695365,874.0780156630794,,,,1.2004976853149187
Zhenyuan,2008,0.6353379940218484,0.5476916666666667,799.4408968281622,,,,0.0132085821597119
Duyun,2008,0.6231938284561224,0.5557696802408947,1196.880515069195,,,,0.7528896069997555
Dushan,2008,0.5961476300981957,0.5205731578559293,1268.1035233104897,,,,2.268073886546551
Fuquan,2008,0.6451945322387951,0.5677973181402671,1055.0990271108535,,,,1.9000415442423029
Guiding,2008,0.6650450468090493,0.5752460022530956,1109.8922380579045,,,,1.9846145338437
Huishui,2008,0.5972078827084876,0.5411882759419228,1148.8464324641147,,,,3.2161450122685062
Libo,2008,0.6289134556547784,0.5813160203725386,1335.2566446841429,,,,0.3420179137960863
Longli,2008,0.6369572098080551,0.5804293944743522,1068.7781120972145,,,,1.561627333953895
Luodian,2008,0.628609350729832,0.5487503837429073,1204.1305684942354,,,,1.42830075791035
Pingtang,2008,0.6256958433957127,0.5454561247241783,1219.4140339046037,,,,1.3923893833101004
Sandushuizu,2008,0.6387141764010495,0.5559197139249632,1184.417063069429,,,,0.9778627380074192
Wengan,2008,0.6368671356795272,0.5551896549142422,953.105369975382,,,,0.2552088108325727
Changshun,2008,0.5990982936085589,0.5404924212579649,1110.2674140621505,,,,5.319764488672762
Anlong,2008,0.5883811571477091,0.5248079906547265,1161.478834830619,,,,6.702513152252508
Ceheng,2008,0.6568375563380521,0.5857696018883279,1218.5065257280048,,,,0.6167886361640534
Puan,2008,0.6199468467104601,0.5356807963707683,1087.2698947349625,,,,2.889410324973587
Qinglong,2008,0.5936802704450972,0.5455620019760256,1138.6923051773058,,,,4.400841459366841
Wangmo,2008,0.6238525231494201,0.5726292079295947,1191.724576179981,,,,1.847908153841667
Xingren,2008,0.5759154116302031,0.5228848425203325,1159.122681347669,,,,6.603030601557847
Xingyi,2008,0.5692082960742997,0.5252930369318406,1048.142294439844,,,,4.785560651562789
Zhenfeng,2008,0.5888143706430363,0.53395595573985,1193.4838898101823,,,,10.521882137488532
Liuzhite,2009,0.5808624239000328,0.5211792996118303,929.2406472402372,,,,2.27228048698804
Panzhou,2009,0.5924583427733922,0.5430498106060606,973.48050657451,,,,0.0864725450880446
Shuicheng,2009,0.6031874635133605,0.5581981870221253,884.8355271856277,,,,1.921523088068112
Zhongshan,2009,0.5608812118758458,0.5199114939507271,786.8565647787013,,,,3.186154509638887
Guanlingbuyizumiaozu,2009,0.5741670919644387,0.5349439089740868,940.9906926067453,,,,18.30559404058004
Pingba,2009,0.5639238906305742,0.505995434892661,776.6026484741827,,,,23.04381036544468
Puding,2009,0.5754459741225932,0.4935815358939437,861.6002922508424,,,,9.911927761216717
Xixiu,2009,0.5705372943697761,0.5102209031006315,828.4495690218181,,,,21.52884621920908
Zhenningbuyizuandmiaozu,2009,0.6228083809119015,0.5321029029474983,894.2008774557335,,,,5.147267131763767
Ziyunmiaozuandbuyizu,2009,0.6249545462946421,0.5130693740911428,873.2129909367103,,,,1.5019892158423918
Dafang,2009,0.6280609971565462,0.5564405271839314,693.3252131080225,,,,18.02780994513717
Hezhang,2009,0.6240585342251619,0.5470088654922403,687.0392202851644,,,,5.124168693188555
Jinsha,2009,0.6412459449339454,0.5402469055636152,667.4372012369195,,,,1.431018253961164
Nayong,2009,0.6093626344152037,0.5584345772603866,773.2085690257967,,,,6.898442444125343
Qixingguan,2009,0.6370966135463522,0.5635086107340372,658.6054051478692,,,,9.75842044134727
Qianxi,2009,0.5865412807163761,0.5377201630918631,718.1764654771889,,,,9.388543507179223
Weiningyizuhuizumiaozu,2009,0.5485411763828651,0.5214166010595942,639.1711908238902,,,,34.22099558416516
Zhijin,2009,0.6060391502822614,0.5713872615770228,802.4840116341527,,,,3.332235401204219
Guanshanhu,2009,0.5283376104059531,0.4966706944577083,762.9205322218132,,,,0.8585294211551363
Huaxi,2009,0.5632516205194514,0.5140658545452172,776.260698994755,,,,12.60055417198841
Kaiyang,2009,0.6367778420484568,0.5350223118279571,761.445501068381,,,,0.3329483995264734
Nanming,2009,0.5169888399307059,0.5421695041691713,749.0811032214476,,,,2.23661764027848
Qingzhen,2009,0.5790860759908153,0.5018918430547771,764.895124794196,,,,3.4670192448949595
Wudang,2009,0.6446013506504097,0.5549929653679654,745.3525011724474,,,,0.1097375193295826
Xifeng,2009,0.6157272724268653,0.5281066414141413,700.0806892057371,,,,0.3608225055137449
Xiuwen,2009,0.5907021883328366,0.5085467687074829,738.5782954063583,,,,0.2790995482418099
Yunyan,2009,0.4797755181147862,0.531405356526243,743.256001779852,,,,1.6371877072739325
Baiyun,2009,0.5398376595405158,0.5372404166666667,756.459283198898,,,,0.463004993191103
Bozhou,2009,0.6102145736415397,0.5389593094895884,731.2777697893819,,,,0.3291591893929039
Chishui,2009,0.6794834405382046,,832.0692465783148,,,,0.0
Daozhengelaozumiaozu,2009,0.6669614102211487,0.583604375470271,1087.0545400969968,,,,0.362037708402099
Fenggang,2009,0.6320857564055914,0.5546333333333333,869.8122325524854,,,,0.0132555880100867
Huichuan,2009,0.6344298136040707,0.5603229166666667,775.6385858133825,,,,0.0657557984365592
Meitan,2009,0.6355957393901056,0.5372298981191223,819.899896495965,,,,0.1738245866094767
Renhuai,2009,0.6264616238125713,0.5458277877584422,708.5889471214747,,,,0.845914833623062
Suiyang,2009,0.6534594868937067,0.5237349315523657,924.8719351580576,,,,0.499793049936647
Tongzi,2009,0.6565039105349085,0.5450303461662892,905.240472022262,,,,0.4280443029668578
Wuchuangelaozumiaozu,2009,0.6503445678757884,0.5671238261965255,1017.8482463611645,,,,0.3173505550547649
Xishui,2009,0.6474827694287779,0.5448267473118278,827.7908561116473,,,,0.1542982328473391
Yuqing,2009,0.6403601637765777,0.5423599993852207,780.8063497302255,,,,0.1213940636677859
Zhengan,2009,0.658637804779534,0.5872436923343576,1020.5804961753496,,,,0.5374867708657205
Honghuagang,2009,0.5631907967336391,,744.1617483086186,,,,0.0
Bijiang,2009,0.6396131576652482,0.5304281862745099,735.2451277308973,,,,0.1752654670805311
Dejiang,2009,0.6272829440303027,0.5662153988022465,917.9906588410336,,,,0.282678600620447
Jiangkou,2009,0.6401644782221979,,768.0594854760747,,,,0.0
Shiqian,2009,0.6367694724442107,0.4761864583333333,774.4846469741416,,,,0.0203202837975991
Sinan,2009,0.6297261672751912,0.5313092857142857,816.207251580859,,,,0.0477461813002081
Songtaomiaozu,2009,0.6363249404237963,0.5181648684967124,816.2533424538361,,,,0.106202726155739
Wanshan,2009,0.6513665741384461,0.5456625,730.7025257259562,,,,0.0593635528737197
Yanhetujiazu,2009,0.631342285763413,0.5540031193995018,897.1453040865647,,,,0.8710159395916927
Yinjiangtujiazuandmiaozu,2009,0.6422628820669062,0.5508267857142858,822.3388291048764,,,,0.0253834013459175
Yupingdongzu,2009,0.5958763838128013,0.5001677083333332,743.4302297895916,,,,0.1911698281533182
Cengong,2009,0.6453348926860293,,751.4000529665956,,,,0.0
Congjiang,2009,0.6652344663926759,0.5465531344368638,889.803750512921,,,,0.0677082795905818
Danzhai,2009,0.6431613372477789,0.5324246248896733,845.539575237005,,,,1.3763281930347002
Huangping,2009,0.621648960116534,0.5189004433346917,800.7238672631411,,,,1.1529161098511465
Jianhe,2009,0.670004754624654,0.5134208333333334,824.4190553793851,,,,0.0114101617558225
Jinping,2009,0.6828642936389899,0.547547543854367,934.5984965175638,,,,0.6768634021617014
Kaili,2009,0.6099504869884835,0.534641498396665,824.1231466408668,,,,0.1295503872491013
Leishan,2009,0.6473107904653841,,875.250462267315,,,,0.0
Liping,2009,0.675360712212609,0.5349229748238297,995.254096841938,,,,0.0699572414605866
Majiang,2009,0.6353128122339738,0.5373108156028367,827.2498332532736,,,,0.2342795368308867
Rongjiang,2009,0.6814394696022238,0.555755790960452,869.6924776334704,,,,0.1059165205740615
Sansui,2009,0.6621891520727626,0.5290895833333333,784.4704939866978,,,,0.024231712184275
Shibing,2009,0.6365419243830134,0.5283221590909091,785.7511686166473,,,,0.1800570020027731
Taijiang,2009,0.6522404501167268,,825.4434577190796,,,,0.0
Tianzhu,2009,0.6890828381902087,0.5359439444109975,854.4931530035991,,,,1.2004976853149187
Zhenyuan,2009,0.6496533475055957,0.4775833333333333,769.2448138198304,,,,0.0132085821597119
Duyun,2009,0.6282095655855504,0.5049009893891596,859.3068657912103,,,,0.7528896069997555
Dushan,2009,0.6130552879243714,0.4982707004104501,876.0573320819069,,,,2.268073886546551
Fuquan,2009,0.6287989582825639,0.5247359129623903,798.2763121347019,,,,1.9000415442423029
Guiding,2009,0.6491493026903685,0.5109163560497921,794.5914799296252,,,,1.9846145338437
Huishui,2009,0.6077667021187568,0.4698414863118144,827.9716670200311,,,,3.2161450122685062
Libo,2009,0.659311294871163,0.5624960060441196,846.2777278249002,,,,0.3420179137960863
Longli,2009,0.6370030682518907,0.5290643015356192,780.6067516578132,,,,1.561627333953895
Luodian,2009,0.6393599429830626,0.5127897147576773,868.1039060506558,,,,1.42830075791035
Pingtang,2009,0.6411373543169552,0.5270310971701442,865.0744903525718,,,,1.3923893833101004
Sandushuizu,2009,0.6611089965237495,0.5465119859307356,870.883959363792,,,,0.9778627380074192
Wengan,2009,0.617019322950853,0.5247857758814318,790.7336741791944,,,,0.2552088108325727
Changshun,2009,0.6075918894496734,0.5067768327484864,826.1586213602211,,,,5.319764488672762
Anlong,2009,0.5847106955742601,0.5020268888654805,932.3338441898292,,,,6.702513152252508
Ceheng,2009,0.6633884120801475,0.5900757534721722,922.414092097678,,,,0.6167886361640534
Puan,2009,0.6005918932605142,0.4835237979621772,922.3975134232306,,,,2.889410324973587
Qinglong,2009,0.5773062646599915,0.5329356785336873,910.5858800844246,,,,4.400841459366841
Wangmo,2009,0.6505226657748815,0.5569530651014536,895.747615941636,,,,1.847908153841667
Xingren,2009,0.566687641072016,0.49484042285659,910.4486483891536,,,,6.603030601557847
Xingyi,2009,0.5775611284759637,0.5149297498980684,860.1461001252623,,,,4.785560651562789
Zhenfeng,2009,0.5666656048665183,0.5047226801181227,896.261616431328,,,,10.521882137488532
Liuzhite,2010,0.5433227428429934,0.4794414683405944,1017.7541415486246,2.0,0.8,0.8,2.27228048698804
Panzhou,2010,0.5503006397013998,0.4846563888888889,1048.654326830217,0.0,0.4,0.4,0.0864725450880446
Shuicheng,2010,0.561920223358275,0.5170214372936907,895.4308060225894,2.0,0.8,0.8,1.921523088068112
Zhongshan,2010,0.5217894948054526,0.4656361112936576,782.4267021248647,2.0,0.8,0.8,3.186154509638887
Guanlingbuyizumiaozu,2010,0.5073783489482079,0.4998408354209237,1144.6722412085032,2.0,0.8,0.8,18.30559404058004
Pingba,2010,0.4826200300213757,0.4484245891751093,946.6392716325644,2.0,0.8,0.8,23.04381036544468
Puding,2010,0.4862383235304491,0.4469798169086402,1000.1737674505208,2.0,0.8,0.8,9.911927761216717
Xixiu,2010,0.4819184747550682,0.4495307958708817,1035.7130596165591,2.0,0.8,0.8,21.52884621920908
Zhenningbuyizuandmiaozu,2010,0.528155469507039,0.4765278744697715,1155.2548869268685,2.0,0.8,0.8,5.147267131763767
Ziyunmiaozuandbuyizu,2010,0.5387247566267577,0.4538933100141411,1203.2907333600626,1.0,0.6,0.6,1.5019892158423918
Dafang,2010,0.5803099255035293,0.5245876952029257,759.9253777691644,1.0,0.6,0.6,18.02780994513717
Hezhang,2010,0.5786313567659908,0.5283708538432351,732.4388886764868,1.0,0.6,0.6,5.124168693188555
Jinsha,2010,0.6158774047300298,0.5566819578274155,738.9346788037901,1.0,0.6,0.6,1.431018253961164
Nayong,2010,0.5782200040488685,0.5250904421210572,827.5583147952568,2.0,0.8,0.8,6.898442444125343
Qixingguan,2010,0.578836920265543,0.5232194774379688,751.0540660365718,2.0,0.8,0.8,9.75842044134727
Qianxi,2010,0.5511609643482056,0.5202629203925572,791.3456211527676,1.0,0.6,0.6,9.388543507179223
Weiningyizuhuizumiaozu,2010,0.5221625944591873,0.5119204598763202,715.1828660084115,2.0,0.8,0.8,34.22099558416516
Zhijin,2010,0.5466069523171724,0.5210565907605896,883.2688894481246,2.0,0.8,0.8,3.332235401204219
Guanshanhu,2010,0.4550199780087458,0.3978187987457421,887.8208411085249,2.0,0.8,0.8,0.8585294211551363
Huaxi,2010,0.4970686381725567,0.4712893277418273,980.847887773682,2.0,0.8,0.8,12.60055417198841
Kaiyang,2010,0.5806614470504767,0.5062554007820137,836.8191160788249,1.0,0.6,0.6,0.3329483995264734
Nanming,2010,0.4477180752837736,0.4698072890088287,919.2066459999584,2.0,0.8,0.8,2.23661764027848
Qingzhen,2010,0.5017925948332732,0.4380300087425779,868.2409841862047,2.0,0.8,0.8,3.4670192448949595
Wudang,2010,0.5636815622245444,0.5408613095238095,891.438217389922,2.0,0.8,0.8,0.1097375193295826
Xifeng,2010,0.5608020963534427,0.4993361868686869,788.405126094119,1.0,0.6,0.6,0.3608225055137449
Xiuwen,2010,0.5405247524272467,0.4717514378478665,834.4573635097512,2.0,0.8,0.8,0.2790995482418099
Yunyan,2010,0.4095433864966748,0.4529182176565376,898.4385302125643,2.0,0.8,0.8,1.6371877072739325
Baiyun,2010,0.458232563018106,0.4795529166666667,876.6035682633011,2.0,0.8,0.8,0.463004993191103
Bozhou,2010,0.5555292280418136,0.5325194010142795,781.3770502138426,1.0,0.6,0.6,0.3291591893929039
Chishui,2010,0.6099239197353056,,849.0886360098644,0.0,0.4,0.4,0.0
Daozhengelaozumiaozu,2010,0.5878210204013273,0.561492933424724,966.1373208374572,0.0,0.2,0.2,0.362037708402099
Fenggang,2010,0.5687856305604743,0.5753895833333333,874.3698838843441,0.0,0.4,0.4,0.0132555880100867
Huichuan,2010,0.5348792293029868,0.4960597222222223,804.0667653026403,1.0,0.6,0.6,0.0657557984365592
Meitan,2010,0.5668398080421063,0.5069545977011495,852.2317863137944,0.0,0.4,0.4,0.1738245866094767
Renhuai,2010,0.5681181437251331,0.5350439315835075,790.0332593522578,2.0,0.8,0.8,0.845914833623062
Suiyang,2010,0.5190337578005241,0.445507944577353,916.4486256904264,0.0,0.4,0.4,0.499793049936647
Tongzi,2010,0.5472333908745991,0.4679449692656097,924.1526480711308,1.0,0.6,0.6,0.4280443029668578
Wuchuangelaozumiaozu,2010,0.5710081527710787,0.5121423512945097,1016.6572320760476,0.0,0.2,0.2,0.3173505550547649
Xishui,2010,0.5686882292665416,0.4988271260997068,858.4501958957779,0.0,0.4,0.4,0.1542982328473391
Yuqing,2010,0.5873420342062232,0.5132408346653552,816.2852365203333,1.0,0.6,0.6,0.1213940636677859
Zhengan,2010,0.5715382397323028,0.5169694744549205,1004.425169118557,0.0,0.2,0.2,0.5374867708657205
Honghuagang,2010,0.5078958981199797,,766.0384424862197,1.0,0.6,0.6,0.0
Bijiang,2010,0.6171467616477259,0.5100227941176471,1001.7612715894678,0.0,0.4,0.4,0.1752654670805311
Dejiang,2010,0.5795785237889493,0.5307191759744704,947.7572491056986,0.0,0.4,0.4,0.282678600620447
Jiangkou,2010,0.6054322222084767,,980.4703578714308,0.0,0.4,0.4,0.0
Shiqian,2010,0.5940306232051734,0.5482354166666666,849.231766853443,1.0,0.6,0.6,0.0203202837975991
Sinan,2010,0.5823998795937163,0.5325821428571428,868.7636177698242,0.0,0.4,0.4,0.0477461813002081
Songtaomiaozu,2010,0.5948991050334398,0.5367229355165699,1076.2435222487295,0.0,0.4,0.4,0.106202726155739
Wanshan,2010,0.597481798145676,0.539259375,962.044172165517,0.0,0.4,0.4,0.0593635528737197
Yanhetujiazu,2010,0.577160810739488,0.5393251680269302,1011.5142250876528,0.0,0.2,0.2,0.8710159395916927
Yinjiangtujiazuandmiaozu,2010,0.6305862851263333,0.5805380952380952,988.763085303378,0.0,0.4,0.4,0.0253834013459175
Yupingdongzu,2010,0.5700488843752897,0.5302223958333334,899.0849589236318,0.0,0.4,0.4,0.1911698281533182
Cengong,2010,0.6148333915002681,,886.1369479835785,0.0,0.4,0.4,0.0
Congjiang,2010,0.5808295418733362,0.5021780293709945,1157.6414739447164,2.0,0.8,0.8,0.0677082795905818
Danzhai,2010,0.5506405376491689,0.4998158171521034,993.4462761237852,2.0,0.8,0.8,1.3763281930347002
Huangping,2010,0.564988613778543,0.513210578491016,857.9751740369285,1.0,0.6,0.6,1.1529161098511465
Jianhe,2010,0.5818641191535097,0.5113125000000001,920.4573145836462,0.0,0.4,0.4,0.0114101617558225
Jinping,2010,0.5818936642202813,0.4914633759165597,974.0421208373303,0.0,0.4,0.4,0.6768634021617014
Kaili,2010,0.5430405625000325,0.4928446005291004,921.4363137243322,1.0,0.6,0.6,0.1295503872491013
Leishan,2010,0.5643641551450953,,1026.4735444778448,2.0,0.8,0.8,0.0
Liping,2010,0.5732827849260891,0.5029435010350669,1102.0507822499803,0.0,0.4,0.4,0.0699572414605866
Majiang,2010,0.542480625122196,0.4856558510638299,967.2385799563745,2.0,0.8,0.8,0.2342795368308867
Rongjiang,2010,0.5894099548532603,0.5345843220338982,1055.4529022173836,2.0,0.8,0.8,0.1059165205740615
Sansui,2010,0.5696581769564565,0.4908791666666667,863.6618300090802,0.0,0.4,0.4,0.024231712184275
Shibing,2010,0.5576309445918481,0.4998804924242425,845.9478768947852,1.0,0.6,0.6,0.1800570020027731
Taijiang,2010,0.601753033736446,,925.8244527140412,1.0,0.6,0.6,0.0
Tianzhu,2010,0.5728168591110883,0.501611927219212,938.1412040570568,0.0,0.4,0.4,1.2004976853149187
Zhenyuan,2010,0.5944633234818306,0.4581363636363637,870.2574468062074,1.0,0.6,0.6,0.0132085821597119
Duyun,2010,0.5420535787165671,0.4816966040531497,1089.2703575104815,2.0,0.8,0.8,0.7528896069997555
Dushan,2010,0.5294967346526894,0.4691135490241827,1174.1463373487866,2.0,0.8,0.8,2.268073886546551
Fuquan,2010,0.5795515757864169,0.5105156785899496,894.8169303229296,2.0,0.8,0.8,1.9000415442423029
Guiding,2010,0.5654927656221604,0.4753505163880763,1000.8514856478354,2.0,0.8,0.8,1.9846145338437
Huishui,2010,0.5265255120068744,0.4713703633988614,1146.4566827337444,2.0,0.8,0.8,3.2161450122685062
Libo,2010,0.6062934370953789,0.5404861845917371,1197.852675399807,2.0,0.8,0.8,0.3420179137960863
Longli,2010,0.5566486849096484,0.4896126114034967,978.4664085782324,2.0,0.8,0.8,1.561627333953895
Luodian,2010,0.5727939498554226,0.4877808249353988,1216.2237833202755,2.0,0.8,0.8,1.42830075791035
Pingtang,2010,0.5241132239205073,0.463575646467706,1200.1627496816293,2.0,0.8,0.8,1.3923893833101004
Sandushuizu,2010,0.5500942384496897,0.5012282467532471,1134.63555329628,2.0,0.8,0.8,0.9778627380074192
Wengan,2010,0.5795426001100001,0.5140706604107573,829.4953597784987,1.0,0.6,0.6,0.2552088108325727
Changshun,2010,0.5070842975702223,0.4398179730238344,1116.683355150822,2.0,0.8,0.8,5.319764488672762
Anlong,2010,0.5692991284767488,0.5140149029402383,1261.8231793433026,0.0,0.4,0.4,6.702513152252508
Ceheng,2010,0.6283466701021193,0.5537150148587731,1238.3622814694893,1.0,0.6,0.6,0.6167886361640534
Puan,2010,0.5768127197903307,0.5011358309170281,1071.641229079888,2.0,0.8,0.8,2.889410324973587
Qinglong,2010,0.5282738806425453,0.4999925540636073,1078.4970200200798,2.0,0.8,0.8,4.400841459366841
Wangmo,2010,0.6016155836652202,0.5364626048212984,1244.0452649375293,2.0,0.8,0.8,1.847908153841667
Xingren,2010,0.5425153649762016,0.4868484785560784,1198.6606686475714,0.0,0.4,0.4,6.603030601557847
Xingyi,2010,0.5491799370701738,0.511486751265625,1116.3651130760784,1.0,0.6,0.6,4.785560651562789
Zhenfeng,2010,0.5170467881017551,0.4708459263287484,1205.4272815146828,1.0,0.6,0.6,10.521882137488532
Liuzhite,2011,0.6131052178460439,0.5498751557948995,773.0503054182819,,,,2.27228048698804
Panzhou,2011,0.5991826229490479,0.4982630555555555,748.9308476189037,,,,0.0864725450880446
Shuicheng,2011,0.6441093573906889,0.5516442786500617,692.8406410839212,,,,1.921523088068112
Zhongshan,2011,0.5905818551221853,0.5071156563315209,639.9897419046608,,,,3.186154509638887
Guanlingbuyizumiaozu,2011,0.5810408471176833,0.5347593692595317,768.8393767870429,,,,18.30559404058004
Pingba,2011,0.582100551526958,0.528596973791551,642.5342180037812,,,,23.04381036544468
Puding,2011,0.5864006590695392,0.5327384132914125,715.5395378255976,,,,9.911927761216717
Xixiu,2011,0.578580537062974,0.5469494193119709,672.1679349078074,,,,21.52884621920908
Zhenningbuyizuandmiaozu,2011,0.6074396819118927,0.5303801838301077,716.3950135771439,,,,5.147267131763767
Ziyunmiaozuandbuyizu,2011,0.6113840333398124,0.5123332697788795,703.9234928905616,,,,1.5019892158423918
Dafang,2011,0.6415533472837903,0.537309282079126,602.8365081471823,,,,18.02780994513717
Hezhang,2011,0.6458736128586897,0.5537629564251454,558.834867000356,,,,5.124168693188555
Jinsha,2011,0.6483489983742443,0.5380128368070419,551.6165531902456,,,,1.431018253961164
Nayong,2011,0.6450356569156047,0.5523798473747243,642.2097576646637,,,,6.898442444125343
Qixingguan,2011,0.6428450061844088,0.5410132163338095,538.9638658876969,,,,9.75842044134727
Qianxi,2011,0.5922767062719306,0.5091581490497743,618.5714027362153,,,,9.388543507179223
Weiningyizuhuizumiaozu,2011,0.5579282182551101,0.5152153086885544,512.8653459771506,,,,34.22099558416516
Zhijin,2011,0.6312340435988173,0.54185975426451,680.9748389780136,,,,3.332235401204219
Guanshanhu,2011,0.5399628113931497,0.48111242717983,607.0559124610068,,,,0.8585294211551363
Huaxi,2011,0.5678284503254075,0.518713800963318,636.6438995985553,,,,12.60055417198841
Kaiyang,2011,0.6153065784205216,0.4965257392473116,562.0579648340647,,,,0.3329483995264734
Nanming,2011,0.4878472005707441,0.5113321018479986,615.0862276848815,,,,2.23661764027848
Qingzhen,2011,0.5836757202557253,0.5132222564734177,629.795010930553,,,,3.4670192448949595
Wudang,2011,0.6174173708844415,0.5060041666666667,595.0377459619028,,,,0.1097375193295826
Xifeng,2011,0.6267837476177627,0.5303059722222222,538.7207372889505,,,,0.3608225055137449
Xiuwen,2011,0.6099525056249188,0.5130532312925169,579.7345896788977,,,,0.2790995482418099
Yunyan,2011,0.4334192590685964,0.4669148871745772,610.4239807990319,,,,1.6371877072739325
Baiyun,2011,0.531677329542174,0.4971866666666667,605.8435741734097,,,,0.463004993191103
Bozhou,2011,0.6048694359450393,0.5509726132619046,542.394673394184,,,,0.3291591893929039
Chishui,2011,0.7254042176095458,,516.8515700412129,,,,0.0
Daozhengelaozumiaozu,2011,0.7036030579865056,0.6158031502200014,589.1201643222714,,,,0.362037708402099
Fenggang,2011,0.6001975365005864,0.5788479166666667,610.868371747633,,,,0.0132555880100867
Huichuan,2011,0.6475812728455326,0.551724558080808,518.3096013986677,,,,0.0657557984365592
Meitan,2011,0.6218237172018304,0.5158658045977011,603.4766698807367,,,,0.1738245866094767
Renhuai,2011,0.629779907093604,0.5376213946735022,524.8932361754541,,,,0.845914833623062
Suiyang,2011,0.6734554028988514,0.5559841374269004,562.6618671666874,,,,0.499793049936647
Tongzi,2011,0.6854941917767233,0.5855699099536288,529.8637658651523,,,,0.4280443029668578
Wuchuangelaozumiaozu,2011,0.6812516298468911,0.6028937136647088,607.3579969916908,,,,0.3173505550547649
Xishui,2011,0.6744003332856304,0.5797168010752688,507.5067053196007,,,,0.1542982328473391
Yuqing,2011,0.6046122959756735,0.494278209147916,603.2066194952394,,,,0.1213940636677859
Zhengan,2011,0.6868464551169979,0.6088995014519525,594.0703220474506,,,,0.5374867708657205
Honghuagang,2011,0.5720942584424422,,528.7432127169956,,,,0.0
Bijiang,2011,0.6428278663627852,0.5426178921568628,600.3226403200347,,,,0.1752654670805311
Dejiang,2011,0.6105962905315099,0.560596945520857,626.8532092754317,,,,0.282678600620447
Jiangkou,2011,0.6477434890199313,,638.2794372411556,,,,0.0
Shiqian,2011,0.6105607410056969,0.5012791666666667,632.3181869556219,,,,0.0203202837975991
Sinan,2011,0.5742347682483592,0.4792757142857144,619.1750203678525,,,,0.0477461813002081
Songtaomiaozu,2011,0.6407974298384247,0.5575870899045205,697.7007374793588,,,,0.106202726155739
Wanshan,2011,0.641149448707805,0.541584375,591.9550353438798,,,,0.0593635528737197
Yanhetujiazu,2011,0.6345060129296658,0.5522118356606476,640.2584386590103,,,,0.8710159395916927
Yinjiangtujiazuandmiaozu,2011,0.6458579269729747,0.540477380952381,685.2864231110456,,,,0.0253834013459175
Yupingdongzu,2011,0.5726479279074955,0.5363442708333335,585.6965765085655,,,,0.1911698281533182
Cengong,2011,0.6463902944334695,,595.1181863727217,,,,0.0
Congjiang,2011,0.6435912961831796,0.5170311467770198,822.8312252456699,,,,0.0677082795905818
Danzhai,2011,0.626533521306064,0.506042556634304,679.5933254943501,,,,1.3763281930347002
Huangping,2011,0.5871200745705055,0.5043232250932924,611.8453299460658,,,,1.1529161098511465
Jianhe,2011,0.6520269639309142,0.5125979166666668,675.8554900339033,,,,0.0114101617558225
Jinping,2011,0.6397642414706328,0.5214400468892928,734.4588747891703,,,,0.6768634021617014
Kaili,2011,0.5796138788355486,0.5180390868205869,646.8776512245819,,,,0.1295503872491013
Leishan,2011,0.6587595425671939,,700.8616756116907,,,,0.0
Liping,2011,0.6501091738748593,0.5571568497850977,794.211913243766,,,,0.0699572414605866
Majiang,2011,0.6226537210441138,0.53905195035461,663.5518348888697,,,,0.2342795368308867
Rongjiang,2011,0.6645311977988859,0.536827824858757,741.7460005298293,,,,0.1059165205740615
Sansui,2011,0.6369885468077248,0.5236041666666666,638.8891796143803,,,,0.024231712184275
Shibing,2011,0.6206360200988871,0.4935179924242424,608.400406623664,,,,0.1800570020027731
Taijiang,2011,0.6515806783877746,,669.9056690423043,,,,0.0
Tianzhu,2011,0.6705357406300004,0.5338477557027219,704.2474851160441,,,,1.2004976853149187
Zhenyuan,2011,0.6348026097843554,0.4580541666666666,626.066128608785,,,,0.0132085821597119
Duyun,2011,0.6056412790761521,0.5023784494790174,698.4459256089048,,,,0.7528896069997555
Dushan,2011,0.568947825716854,0.4605180461561959,744.1161268863563,,,,2.268073886546551
Fuquan,2011,0.5839149160280498,0.4692449408400518,618.6454888754305,,,,1.9000415442423029
Guiding,2011,0.6293917271373665,0.5168714562568,647.4763169039954,,,,1.9846145338437
Huishui,2011,0.5945114452572491,0.5146264920447045,672.2684427347762,,,,3.2161450122685062
Libo,2011,0.6457279670461169,0.5277504553697626,778.2013281263867,,,,0.3420179137960863
Longli,2011,0.6279063430171589,0.5310557839762129,638.3755966342484,,,,1.561627333953895
Luodian,2011,0.5965289917542849,0.4981771375207797,727.1960510623005,,,,1.42830075791035
Pingtang,2011,0.5810571063864456,0.5051765948348054,737.0275596426486,,,,1.3923893833101004
Sandushuizu,2011,0.6280358965326802,0.5022923484848479,739.6294019502055,,,,0.9778627380074192
Wengan,2011,0.6054899262919592,0.4950368646759848,596.7523451710623,,,,0.2552088108325727
Changshun,2011,0.6058885801096141,0.5467528921060502,666.0518205425403,,,,5.319764488672762
Anlong,2011,0.5934325189651614,0.514292682641913,775.3398008282013,,,,6.702513152252508
Ceheng,2011,0.6353412207495638,0.5253823182001895,766.7279196821662,,,,0.6167886361640534
Puan,2011,0.6081420727506197,0.5023798549427938,752.8370778187505,,,,2.889410324973587
Qinglong,2011,0.5849530938960478,0.5187317781300625,776.6257670130669,,,,4.400841459366841
Wangmo,2011,0.6291776053775618,0.5353354522152689,741.3473658412427,,,,1.847908153841667
Xingren,2011,0.5878029760778544,0.5098280496259581,789.1548789307536,,,,6.603030601557847
Xingyi,2011,0.593808023494746,0.4995949833205232,663.100141611525,,,,4.785560651562789
Zhenfeng,2011,0.5670154671703181,0.5017691431505131,742.4567988663118,,,,10.521882137488532
Liuzhite,2012,0.464815535047365,0.4591394905666176,1109.8488101919013,,,,2.27228048698804
Panzhou,2012,0.4419860911512915,0.4422685858585858,1079.5203055288312,,,,0.0864725450880446
Shuicheng,2012,0.4634276751733603,0.4250747114091687,960.7804021802586,,,,1.921523088068112
Zhongshan,2012,0.4426728452313972,0.4442525299153966,900.714636953636,,,,3.186154509638887
Guanlingbuyizumiaozu,2012,0.4710270249032247,0.4517841985965585,1087.1113385809915,,,,18.30559404058004
Pingba,2012,0.5068446152910303,0.486743407127506,976.2637244834827,,,,23.04381036544468
Puding,2012,0.4436512467532323,0.4514081288747828,1085.3765651025844,,,,9.911927761216717
Xixiu,2012,0.48953029579314,0.4748567679879026,1026.632175768308,,,,21.52884621920908
Zhenningbuyizuandmiaozu,2012,0.518171378102376,0.4654611314787256,1027.541736819796,,,,5.147267131763767
Ziyunmiaozuandbuyizu,2012,0.5524864756989497,0.4751082137718157,970.1393993965686,,,,1.5019892158423918
Dafang,2012,0.5190344961008343,0.4866702311650817,951.7912630706352,,,,18.02780994513717
Hezhang,2012,0.5102076571613814,0.4928073748217381,823.6458007346577,,,,5.124168693188555
Jinsha,2012,0.5715567308938052,0.5049717064411301,967.9080878196262,,,,1.431018253961164
Nayong,2012,0.4725375076477998,0.4418520023471737,946.0363369201316,,,,6.898442444125343
Qixingguan,2012,0.5211592482020992,0.4850184054800837,923.1425379714092,,,,9.75842044134727
Qianxi,2012,0.5296388097723137,0.4745923480380733,956.1691276617972,,,,9.388543507179223
Weiningyizuhuizumiaozu,2012,0.4948755388078933,0.4982886148518344,739.3703844059874,,,,34.22099558416516
Zhijin,2012,0.4692652163219079,0.4626590153144773,996.2458252046712,,,,3.332235401204219
Guanshanhu,2012,0.480292564411318,0.4777648274599688,942.992861191658,,,,0.8585294211551363
Huaxi,2012,0.5113535835270011,0.4880658602069236,984.1238713552656,,,,12.60055417198841
Kaiyang,2012,0.5728177694775652,0.5184699413489734,934.8740966603648,,,,0.3329483995264734
Nanming,2012,0.4568195293086713,0.490082421489132,947.5470597493484,,,,2.23661764027848
Qingzhen,2012,0.5214919246727447,0.4798892095426832,938.2892970143284,,,,3.4670192448949595
Wudang,2012,0.5808294273473408,0.565027380952381,940.4819918911772,,,,0.1097375193295826
Xifeng,2012,0.5841519912950052,0.5487807449494949,912.5182940749248,,,,0.3608225055137449
Xiuwen,2012,0.5529041807956114,0.489679081632653,911.6644653194152,,,,0.2790995482418099
Yunyan,2012,0.4100337248658868,0.4794452779696133,919.3469296410196,,,,1.6371877072739325
Baiyun,2012,0.4985154477799613,0.5239758333333333,940.1841880350254,,,,0.463004993191103
Bozhou,2012,0.5374420704719848,0.5214551994299722,970.0424995898544,,,,0.3291591893929039
Chishui,2012,0.6600799380651523,,1134.1468585087991,,,,0.0
Daozhengelaozumiaozu,2012,0.5669016712248512,0.5325171042572449,1125.5530708422814,,,,0.362037708402099
Fenggang,2012,0.5576642434765501,0.50308125,1002.4461482833082,,,,0.0132555880100867
Huichuan,2012,0.5345320450370481,0.4834472222222223,994.0792974583908,,,,0.0657557984365592
Meitan,2012,0.5547945383859821,0.4932755747126437,1001.2856322443736,,,,0.1738245866094767
Renhuai,2012,0.5941467040498076,0.527525092401377,999.1002114296334,,,,0.845914833623062
Suiyang,2012,0.5743404837630691,0.5134545421318447,1055.503157674663,,,,0.499793049936647
Tongzi,2012,0.5735000410077613,0.5042615334843092,1065.7148274105111,,,,0.4280443029668578
Wuchuangelaozumiaozu,2012,0.5448895081775662,0.4865977828730382,1161.6693723554306,,,,0.3173505550547649
Xishui,2012,0.6147496614473654,0.5680079301075269,1042.5957543903598,,,,0.1542982328473391
Yuqing,2012,0.5660575531621744,0.5034070496555374,928.4924595487596,,,,0.1213940636677859
Zhengan,2012,0.5974777281429656,0.5406946143760887,1150.8498720541136,,,,0.5374867708657205
Honghuagang,2012,0.4832167701815849,,968.8512148045888,,,,0.0
Bijiang,2012,0.6032938965003267,0.5384397058823531,934.2065147157296,,,,0.1752654670805311
Dejiang,2012,0.5429674428050804,0.4871841346851234,1023.1652713642104,,,,0.282678600620447
Jiangkou,2012,0.5586610940305159,,900.1554930821911,,,,0.0
Shiqian,2012,0.5816596333106049,0.5649270833333333,883.0781324349698,,,,0.0203202837975991
Sinan,2012,0.5714507032082153,0.5112154761904762,898.9995387101966,,,,0.0477461813002081
Songtaomiaozu,2012,0.5842946811996017,0.5220724955623892,1008.9181967414048,,,,0.106202726155739
Wanshan,2012,0.5941158132854537,0.5167822916666667,917.4452616279824,,,,0.0593635528737197
Yanhetujiazu,2012,0.5563044981217294,0.5138360401621445,1065.6308750728756,,,,0.8710159395916927
Yinjiangtujiazuandmiaozu,2012,0.5801479236817286,0.554995238095238,923.2507017644886,,,,0.0253834013459175
Yupingdongzu,2012,0.5423353969726726,0.5250844223484848,830.9270695665369,,,,0.1911698281533182
Cengong,2012,0.6055100438520064,,831.1652560801871,,,,0.0
Congjiang,2012,0.5726917989076222,0.5253896357603551,1026.1978648175905,,,,0.0677082795905818
Danzhai,2012,0.5412039457942955,0.4965734296852015,1004.380324527765,,,,1.3763281930347002
Huangping,2012,0.5617738756404002,0.5200883361556231,919.1100585923004,,,,1.1529161098511465
Jianhe,2012,0.61077483465725,0.4659395833333333,834.2507409585426,,,,0.0114101617558225
Jinping,2012,0.6240114637054494,0.543396155299989,997.378319085244,,,,0.6768634021617014
Kaili,2012,0.5494942683411297,0.5206199779541446,964.5297646527688,,,,0.1295503872491013
Leishan,2012,0.5509922851626241,,985.5408746628405,,,,0.0
Liping,2012,0.6055931467012546,0.5412987380549109,1034.6333344640948,,,,0.0699572414605866
Majiang,2012,0.5522049959218599,0.5269147163120568,1011.1645693773768,,,,0.2342795368308867
Rongjiang,2012,0.581333529444106,0.4996621468926555,931.153104611928,,,,0.1059165205740615
Sansui,2012,0.5962936725476261,0.43243125,789.400145912114,,,,0.024231712184275
Shibing,2012,0.5710387108229406,0.5627816287878789,864.5905718556264,,,,0.1800570020027731
Taijiang,2012,0.6074797915558777,,863.9941961174604,,,,0.0
Tianzhu,2012,0.620575669994327,0.5253058047361027,932.2115701865662,,,,1.2004976853149187
Zhenyuan,2012,0.5980072146414385,0.5287124999999999,818.4931062602101,,,,0.0132085821597119
Duyun,2012,0.5381075884545409,0.5049305420131922,973.738730055471,,,,0.7528896069997555
Dushan,2012,0.5430377034526166,0.4840706416560957,959.2036520624472,,,,2.268073886546551
Fuquan,2012,0.5431924136696117,0.4853454866679611,965.1429657686044,,,,1.9000415442423029
Guiding,2012,0.553335845955251,0.4887503200013058,981.8911274193724,,,,1.9846145338437
Huishui,2012,0.5480918437123833,0.4948202177277129,930.8273717931056,,,,3.2161450122685062
Libo,2012,0.6151550840134902,0.5748560363495747,1023.9861434299738,,,,0.3420179137960863
Longli,2012,0.5612094878574574,0.5177822807748975,992.135570494774,,,,1.561627333953895
Luodian,2012,0.5778189072724506,0.5117252140373287,950.7569681072272,,,,1.42830075791035
Pingtang,2012,0.5660839666641326,0.5016363414684414,939.2075892332714,,,,1.3923893833101004
Sandushuizu,2012,0.5807755520037469,0.5266985642135645,969.270125333096,,,,0.9778627380074192
Wengan,2012,0.5474986370441093,0.5032238358543076,963.9833423224336,,,,0.2552088108325727
Changshun,2012,0.5603358874831124,0.5084144438488187,973.0338352099848,,,,5.319764488672762
Anlong,2012,0.4788115040291713,0.4355623368612185,1028.5128287986518,,,,6.702513152252508
Ceheng,2012,0.5824737898515586,0.5296579165548411,1035.8839590997325,,,,0.6167886361640534
Puan,2012,0.4433217791111525,0.3953225122038201,1031.3768196391227,,,,2.889410324973587
Qinglong,2012,0.4573404199787523,0.4500801966865406,1038.7739202938435,,,,4.400841459366841
Wangmo,2012,0.5884854608534249,0.5394299738931556,978.6623555461592,,,,1.847908153841667
Xingren,2012,0.4403241395108987,0.4195189197899605,1020.4227926259327,,,,6.603030601557847
Xingyi,2012,0.4666290563083211,0.435885663087608,1088.9506261541076,,,,4.785560651562789
Zhenfeng,2012,0.5018921183158769,0.4691015110299664,1018.9162753881736,,,,10.521882137488532
