ENG_NAME,year,ndvi_crop,rain_gs,drought_class,drought_pixel_rate,cropland_pct,county_id,post_2010,event_time,drought_treated,drought_post,high_agriculture,drought_post_high_agri,ndvi_baseline,high_ndvi,drought_post_high_ndvi,high_elevation,drought_post_high_elev,pop_density_2000,high_density,drought_post_high_density
Liuzhite,2008,0.5652008628423703,1177.8078833624695,,,2.27228048698804,35,0,-2,1,0,0,0,0.5431900812271002,0,0,0,0,334.82142857142856,1,0
Panzhou,2008,0.5449879797979797,1114.0173902147203,,,0.0864725450880446,42,0,-2,0,0,0,0,0.5440188952020202,0,0,1,0,,0,0
Shuicheng,2008,0.5874473188962359,1120.60522722192,,,1.921523088068112,57,0,-2,1,0,0,0,0.5728227529591806,1,0,1,0,195.3125,0,0
Zhongshan,2008,0.5380681649127917,1076.1542736716744,,,3.186154509638887,86,0,-2,1,0,1,0,0.5289898294317594,0,0,1,0,,0,0
Guanlingbuyizumiaozu,2008,0.5487139747708795,1225.2768739849764,,,18.30559404058004,17,0,-2,1,0,1,0,0.5418289418724831,0,0,0,0,218.28103683492495,0,0
Pingba,2008,0.5289976257785591,1076.22153197564,,,23.04381036544468,43,0,-2,1,0,1,0,0.51749653033561,0,0,0,0,,0,0
Puding,2008,0.5280480021683375,1137.7947923187455,,,9.911927761216717,46,0,-2,1,0,1,0,0.5108147690311406,0,0,0,0,368.66359447004606,1,0
Xixiu,2008,0.5402489263435565,1115.6470752658674,,,21.52884621920908,75,0,-2,1,0,1,0,0.525234914722094,0,0,0,0,,0,0
Zhenningbuyizuandmiaozu,2008,0.5496969540401554,1221.966210012867,,,5.147267131763767,83,0,-2,1,0,1,0,0.5408999284938268,0,0,0,0,197.55955839628123,0,0
Ziyunmiaozuandbuyizu,2008,0.5115470017411923,1196.7090631171495,,,1.5019892158423918,87,0,-2,0,0,0,0,0.5123081879161675,0,0,0,0,144.73684210526315,0,0
Dafang,2008,0.6036861018656668,972.0500635276892,,,18.02780994513717,9,0,-2,0,0,1,0,0.5800633145247991,1,0,1,0,271.42857142857144,1,0
Hezhang,2008,0.5753731246923709,929.8008875713784,,,5.124168693188555,20,0,-2,0,0,1,0,0.5611909950923055,1,0,1,0,191.0631741140216,0,0
Jinsha,2008,0.5764200081823095,931.0952359712426,,,1.431018253961164,29,0,-2,0,0,0,0,0.5583334568729623,0,0,0,0,225.4746835443038,1,0
Nayong,2008,0.5964553683283765,1156.2925591007609,,,6.898442444125343,41,0,-2,1,0,1,0,0.5774449727943816,1,0,1,0,298.202614379085,1,0
Qixingguan,2008,0.6115414358347537,868.1037257892336,,,9.75842044134727,50,0,-2,1,0,1,0,0.5875250232843955,1,0,1,0,363.4232121922626,1,0
Qianxi,2008,0.5691201675371798,1042.1439608100125,,,9.388543507179223,47,0,-2,0,0,1,0,0.5534201653145214,0,0,0,0,313.35683509596555,1,0
Weiningyizuhuizumiaozu,2008,0.5475691529187473,859.6930682714199,,,34.22099558416516,66,0,-2,1,0,1,0,0.5344928769891708,0,0,1,0,165.18424396442185,0,0
Zhijin,2008,0.5853775347093041,1112.4901233198957,,,3.332235401204219,85,0,-2,1,0,1,0,0.5783823981431635,1,0,1,0,313.8075313807531,1,0
Guanshanhu,2008,0.5349365390125109,1054.4246114148425,,,0.8585294211551363,18,0,-2,1,0,0,0,0.5158036167351097,0,0,0,0,,0,0
Huaxi,2008,0.5440133294330185,1085.2625696096354,,,12.60055417198841,23,0,-2,1,0,1,0,0.5290395919891179,0,0,0,0,,0,0
Kaiyang,2008,0.5854358687683286,987.443891920672,,,0.3329483995264734,31,0,-2,0,0,0,0,0.5602290902981428,0,0,0,0,207.30503455083908,0,0
Nanming,2008,0.5668979773109092,1052.57774812516,,,2.23661764027848,40,0,-2,1,0,0,0,0.5545337407400402,0,0,0,0,,0,0
Qingzhen,2008,0.521498718604919,1048.1401429512457,,,3.4670192448949595,49,0,-2,1,0,1,0,0.511695280829848,0,0,0,0,335.1206434316354,1,0
Wudang,2008,0.6046559523809524,1043.180651253003,,,0.1097375193295826,69,0,-2,1,0,0,0,0.5798244588744589,1,0,0,0,,0,0
Xifeng,2008,0.5801572222222222,1021.9697387999288,,,0.3608225055137449,70,0,-2,0,0,0,0,0.5541319318181818,0,0,0,0,231.43683702989392,1,0
Xiuwen,2008,0.5536716295609151,1042.247236916416,,,0.2790995482418099,74,0,-2,1,0,0,0,0.531109199134199,0,0,0,0,270.7749766573296,1,0
Yunyan,2008,0.541229094728361,1058.9019775141146,,,1.6371877072739325,78,0,-2,1,0,0,0,0.536317225627302,0,0,0,0,,0,0
Baiyun,2008,0.5238520833333333,1080.398328717006,,,0.463004993191103,1,0,-2,1,0,0,0,0.53054625,0,0,0,0,,0,0
Bozhou,2008,0.5968885179177317,932.6600792079956,,,0.3291591893929039,3,0,-2,0,0,0,0,0.56792391370366,1,0,0,0,,0,0
Chishui,2008,0.0,802.7555219101508,,,0.0,7,0,-2,0,0,0,0,0.0,0,0,0,0,161.02165463631317,0,0
Daozhengelaozumiaozu,2008,0.6008253706722522,801.0972591330528,,,0.362037708402099,11,0,-2,0,0,0,0,0.5922148730712615,1,0,0,0,148.4230055658627,0,0
Fenggang,2008,0.5263,834.0426554391174,,,0.0132555880100867,15,0,-2,0,0,0,0,0.5404666666666667,0,0,0,0,207.11630377057887,0,0
Huichuan,2008,0.5875729166666668,847.9748971138358,,,0.0657557984365592,24,0,-2,0,0,0,0,0.5739479166666668,1,0,0,0,,0,0
Meitan,2008,0.559073132183908,890.3677606168301,,,0.1738245866094767,39,0,-2,0,0,0,0,0.5481515151515151,0,0,0,0,249.32249322493223,1,0
Renhuai,2008,0.6207003257876618,785.7264031222404,,,0.845914833623062,51,0,-2,1,0,0,0,0.583264056773052,1,0,0,0,313.19910514541385,1,0
Suiyang,2008,0.5617435971557683,788.6880849375326,,,0.499793049936647,60,0,-2,0,0,0,0,0.5427392643540669,0,0,0,0,190.95869056897897,0,0
Tongzi,2008,0.5861599051008304,740.3159377445415,,,0.4280443029668578,63,0,-2,0,0,0,0,0.5655951256335598,1,0,0,0,196.875,0,0
Wuchuangelaozumiaozu,2008,0.5577865625121929,795.5652283505342,,,0.3173505550547649,68,0,-2,0,0,0,0,0.5624551943543592,1,0,0,0,147.85430941218897,0,0
Xishui,2008,0.6005936461388074,750.4125485966881,,,0.1542982328473391,73,0,-2,0,0,0,0,0.5727101967253176,1,0,0,0,207.80051150895144,0,0
Yuqing,2008,0.5647422793966966,903.3829783524204,,,0.1213940636677859,80,0,-2,0,0,0,0,0.5535511393909587,0,0,0,0,172.5200246457178,0,0
Zhengan,2008,0.5683482023578339,755.5406685270082,,,0.5374867708657205,82,0,-2,0,0,0,0,0.5777959473460957,1,0,0,0,219.65317919075144,0,0
Honghuagang,2008,0.0,938.7842491113848,,,0.0,21,0,-2,0,0,0,0,0.0,0,0,0,0,,0,0
Bijiang,2008,0.5439173796791446,931.5759575949484,,,0.1752654670805311,2,0,-2,0,0,0,0,0.5371727829768272,0,0,0,0,231.17569352708057,1,0
Dejiang,2008,0.5360363145358302,805.8682200050774,,,0.282678600620447,12,0,-2,0,0,0,0,0.5511258566690383,0,0,0,0,217.1814671814672,0,0
Jiangkou,2008,0.0,844.6931930155329,,,0.0,26,0,-2,0,0,0,0,0.0,0,0,0,0,117.6470588235294,0,0
Shiqian,2008,0.5850354166666667,813.7040135985758,,,0.0203202837975991,56,0,-2,0,0,0,0,0.5306109375,0,0,0,0,174.95395948434623,0,0
Sinan,2008,0.5325980952380952,799.8111349025428,,,0.0477461813002081,58,0,-2,0,0,0,0,0.5319536904761905,0,0,0,0,246.52622142536976,1,0
Songtaomiaozu,2008,0.5588631380557242,927.572739233868,,,0.106202726155739,59,0,-2,0,0,0,0,0.5385140032762183,0,0,0,0,223.698007689619,0,0
Wanshan,2008,0.5999145833333335,923.82051090338,,,0.0593635528737197,65,0,-2,0,0,0,0,0.5727885416666667,1,0,0,0,,0,0
Yanhetujiazu,2008,0.5442750471057233,848.8092226501162,,,0.8710159395916927,76,0,-2,0,0,0,0,0.5491390832526125,0,0,0,0,222.7622519238558,0,0
Yinjiangtujiazuandmiaozu,2008,0.592677380952381,831.6339758127494,,,0.0253834013459175,77,0,-2,0,0,0,0,0.5717520833333334,1,0,0,0,209.0770015298317,0,0
Yupingdongzu,2008,0.5322807291666667,881.0759794747414,,,0.1911698281533182,79,0,-2,0,0,0,0,0.5162242187499999,0,0,0,0,271.3178294573643,1,0
Cengong,2008,0.0,819.7399256083385,,,0.0,5,0,-2,0,0,0,0,0.0,0,0,0,0,141.22394082044386,0,0
Congjiang,2008,0.5605228581814117,1215.8143006052658,,,0.0677082795905818,8,0,-2,1,0,0,0,0.5535379963091378,0,0,0,0,92.47842170160295,0,0
Danzhai,2008,0.5644237275669315,1146.7570210197089,,,1.3763281930347002,10,0,-2,1,0,0,0,0.5484241762283024,0,0,0,0,159.9147121535181,0,0
Huangping,2008,0.5473595405155381,924.123758306861,,,1.1529161098511465,22,0,-2,0,0,0,0,0.5331299919251149,0,0,0,0,197.84172661870505,0,0
Jianhe,2008,0.5717020833333333,903.9121660869772,,,0.0114101617558225,27,0,-2,0,0,0,0,0.5425614583333334,0,0,0,0,98.03921568627452,0,0
Jinping,2008,0.5700956157340505,900.7789389920604,,,0.6768634021617014,28,0,-2,0,0,0,0,0.5588215797942088,0,0,0,0,131.49655604257984,0,0
Kaili,2008,0.56537512345679,1064.1012009399417,,,0.1295503872491013,30,0,-2,0,0,0,0,0.5500083109267275,0,0,0,0,329.24961715160794,1,0
Leishan,2008,0.0,1114.28031480354,,,0.0,32,0,-2,1,0,0,0,0.0,0,0,0,0,114.84823625922888,0,0
Liping,2008,0.5623311293728959,1073.0276601874746,,,0.0699572414605866,34,0,-2,0,0,0,0,0.5486270520983627,0,0,0,0,108.08376491781132,0,0
Majiang,2008,0.5793085106382978,1123.8854233160166,,,0.2342795368308867,38,0,-2,1,0,0,0,0.5583096631205673,0,0,0,0,174.85428809325563,0,0
Rongjiang,2008,0.5758433615819211,1106.1162785028764,,,0.1059165205740615,52,0,-2,1,0,0,0,0.5657995762711865,1,0,0,0,96.50180940892642,0,0
Sansui,2008,0.4767729166666666,821.0726351361413,,,0.024231712184275,54,0,-2,0,0,0,0,0.5029312499999999,0,0,0,0,193.05019305019303,0,0
Shibing,2008,0.5770592458677686,823.5726874321725,,,0.1800570020027731,55,0,-2,0,0,0,0,0.5526907024793388,0,0,0,0,97.15025906735752,0,0
Taijiang,2008,0.0,965.6514729813532,,,0.0,61,0,-2,0,0,0,0,0.0,0,0,0,0,132.66998341625208,0,0
Tianzhu,2008,0.5524278145695365,874.0780156630794,,,1.2004976853149187,62,0,-2,0,0,0,0,0.544185879490267,0,0,0,0,172.64879600181737,0,0
Zhenyuan,2008,0.5476916666666667,799.4408968281622,,,0.0132085821597119,84,0,-2,0,0,0,0,0.5126375,0,0,0,0,127.79552715654953,0,0
Duyun,2008,0.5557696802408947,1196.880515069195,,,0.7528896069997555,14,0,-2,1,0,0,0,0.5303353348150271,0,0,0,0,202.2867194371152,0,0
Dushan,2008,0.5205731578559293,1268.1035233104897,,,2.268073886546551,13,0,-2,1,0,0,0,0.5094219291331896,0,0,0,0,139.05930470347647,0,0
Fuquan,2008,0.5677973181402671,1055.0990271108535,,,1.9000415442423029,16,0,-2,1,0,0,0,0.5462666155513287,0,0,0,0,177.72511848341233,0,0
Guiding,2008,0.5752460022530956,1109.8922380579045,,,1.9846145338437,19,0,-2,1,0,0,0,0.5430811791514438,0,0,0,0,165.64417177914112,0,0
Huishui,2008,0.5411882759419228,1148.8464324641147,,,3.2161450122685062,25,0,-2,1,0,1,0,0.5055148811268686,0,0,0,0,165.9919028340081,0,0
Libo,2008,0.5813160203725386,1335.2566446841429,,,0.3420179137960863,33,0,-2,1,0,0,0,0.5719060132083291,1,0,0,0,67.34006734006734,0,0
Longli,2008,0.5804293944743522,1068.7781120972145,,,1.561627333953895,36,0,-2,1,0,0,0,0.5547468480049857,0,0,0,0,131.49243918474687,0,0
Luodian,2008,0.5487503837429073,1204.1305684942354,,,1.42830075791035,37,0,-2,1,0,0,0,0.5307700492502923,0,0,0,0,99.56853634251576,0,0
Pingtang,2008,0.5454561247241783,1219.4140339046037,,,1.3923893833101004,44,0,-2,1,0,0,0,0.5362436109471612,0,0,0,0,102.65486725663716,0,0
Sandushuizu,2008,0.5559197139249632,1184.417063069429,,,0.9778627380074192,53,0,-2,1,0,0,0,0.5512158499278494,0,0,0,0,130.25210084033614,0,0
Wengan,2008,0.5551896549142422,953.105369975382,,,0.2552088108325727,67,0,-2,0,0,0,0,0.539987715397837,0,0,0,0,217.83181357649443,0,0
Changshun,2008,0.5404924212579649,1110.2674140621505,,,5.319764488672762,6,0,-2,1,0,1,0,0.5236346270032257,0,0,0,0,152.96367112810708,0,0
Anlong,2008,0.5248079906547265,1161.478834830619,,,6.702513152252508,0,0,-2,0,0,1,0,0.5134174397601035,0,0,0,0,183.1992850759607,0,0
Ceheng,2008,0.5857696018883279,1218.5065257280048,,,0.6167886361640534,4,0,-2,0,0,0,0,0.5879226776802501,1,0,0,0,80.83140877598153,0,0
Puan,2008,0.5356807963707683,1087.2698947349625,,,2.889410324973587,45,0,-2,1,0,0,0,0.5096022971664728,0,0,1,0,195.9412176347096,0,0
Qinglong,2008,0.5455620019760256,1138.6923051773058,,,4.400841459366841,48,0,-2,1,0,1,0,0.5392488402548564,0,0,0,0,202.854996243426,0,0
Wangmo,2008,0.5726292079295947,1191.724576179981,,,1.847908153841667,64,0,-2,1,0,0,0,0.5647911365155242,1,0,0,0,89.82035928143712,0,0
Xingren,2008,0.5228848425203325,1159.122681347669,,,6.603030601557847,71,0,-2,0,0,1,0,0.5088626326884613,0,0,0,0,,0,0
Xingyi,2008,0.5252930369318406,1048.142294439844,,,4.785560651562789,72,0,-2,0,0,1,0,0.5201113934149545,0,0,0,0,243.90243902439025,1,0
Zhenfeng,2008,0.53395595573985,1193.4838898101823,,,10.521882137488532,81,0,-2,0,0,1,0,0.5193393179289864,0,0,0,0,225.01654533421572,1,0
Liuzhite,2009,0.5211792996118303,929.2406472402372,,,2.27228048698804,35,0,-1,1,0,0,0,0.5431900812271002,0,0,0,0,334.82142857142856,1,0
Panzhou,2009,0.5430498106060606,973.48050657451,,,0.0864725450880446,42,0,-1,0,0,0,0,0.5440188952020202,0,0,1,0,,0,0
Shuicheng,2009,0.5581981870221253,884.8355271856277,,,1.921523088068112,57,0,-1,1,0,0,0,0.5728227529591806,1,0,1,0,195.3125,0,0
Zhongshan,2009,0.5199114939507271,786.8565647787013,,,3.186154509638887,86,0,-1,1,0,1,0,0.5289898294317594,0,0,1,0,,0,0
Guanlingbuyizumiaozu,2009,0.5349439089740868,940.9906926067453,,,18.30559404058004,17,0,-1,1,0,1,0,0.5418289418724831,0,0,0,0,218.28103683492495,0,0
Pingba,2009,0.505995434892661,776.6026484741827,,,23.04381036544468,43,0,-1,1,0,1,0,0.51749653033561,0,0,0,0,,0,0
Puding,2009,0.4935815358939437,861.6002922508424,,,9.911927761216717,46,0,-1,1,0,1,0,0.5108147690311406,0,0,0,0,368.66359447004606,1,0
Xixiu,2009,0.5102209031006315,828.4495690218181,,,21.52884621920908,75,0,-1,1,0,1,0,0.525234914722094,0,0,0,0,,0,0
Zhenningbuyizuandmiaozu,2009,0.5321029029474983,894.2008774557335,,,5.147267131763767,83,0,-1,1,0,1,0,0.5408999284938268,0,0,0,0,197.55955839628123,0,0
Ziyunmiaozuandbuyizu,2009,0.5130693740911428,873.2129909367103,,,1.5019892158423918,87,0,-1,0,0,0,0,0.5123081879161675,0,0,0,0,144.73684210526315,0,0
Dafang,2009,0.5564405271839314,693.3252131080225,,,18.02780994513717,9,0,-1,0,0,1,0,0.5800633145247991,1,0,1,0,271.42857142857144,1,0
Hezhang,2009,0.5470088654922403,687.0392202851644,,,5.124168693188555,20,0,-1,0,0,1,0,0.5611909950923055,1,0,1,0,191.0631741140216,0,0
Jinsha,2009,0.5402469055636152,667.4372012369195,,,1.431018253961164,29,0,-1,0,0,0,0,0.5583334568729623,0,0,0,0,225.4746835443038,1,0
Nayong,2009,0.5584345772603866,773.2085690257967,,,6.898442444125343,41,0,-1,1,0,1,0,0.5774449727943816,1,0,1,0,298.202614379085,1,0
Qixingguan,2009,0.5635086107340372,658.6054051478692,,,9.75842044134727,50,0,-1,1,0,1,0,0.5875250232843955,1,0,1,0,363.4232121922626,1,0
Qianxi,2009,0.5377201630918631,718.1764654771889,,,9.388543507179223,47,0,-1,0,0,1,0,0.5534201653145214,0,0,0,0,313.35683509596555,1,0
Weiningyizuhuizumiaozu,2009,0.5214166010595942,639.1711908238902,,,34.22099558416516,66,0,-1,1,0,1,0,0.5344928769891708,0,0,1,0,165.18424396442185,0,0
Zhijin,2009,0.5713872615770228,802.4840116341527,,,3.332235401204219,85,0,-1,1,0,1,0,0.5783823981431635,1,0,1,0,313.8075313807531,1,0
Guanshanhu,2009,0.4966706944577083,762.9205322218132,,,0.8585294211551363,18,0,-1,1,0,0,0,0.5158036167351097,0,0,0,0,,0,0
Huaxi,2009,0.5140658545452172,776.260698994755,,,12.60055417198841,23,0,-1,1,0,1,0,0.5290395919891179,0,0,0,0,,0,0
Kaiyang,2009,0.5350223118279571,761.445501068381,,,0.3329483995264734,31,0,-1,0,0,0,0,0.5602290902981428,0,0,0,0,207.30503455083908,0,0
Nanming,2009,0.5421695041691713,749.0811032214476,,,2.23661764027848,40,0,-1,1,0,0,0,0.5545337407400402,0,0,0,0,,0,0
Qingzhen,2009,0.5018918430547771,764.895124794196,,,3.4670192448949595,49,0,-1,1,0,1,0,0.511695280829848,0,0,0,0,335.1206434316354,1,0
Wudang,2009,0.5549929653679654,745.3525011724474,,,0.1097375193295826,69,0,-1,1,0,0,0,0.5798244588744589,1,0,0,0,,0,0
Xifeng,2009,0.5281066414141413,700.0806892057371,,,0.3608225055137449,70,0,-1,0,0,0,0,0.5541319318181818,0,0,0,0,231.43683702989392,1,0
Xiuwen,2009,0.5085467687074829,738.5782954063583,,,0.2790995482418099,74,0,-1,1,0,0,0,0.531109199134199,0,0,0,0,270.7749766573296,1,0
Yunyan,2009,0.531405356526243,743.256001779852,,,1.6371877072739325,78,0,-1,1,0,0,0,0.536317225627302,0,0,0,0,,0,0
Baiyun,2009,0.5372404166666667,756.459283198898,,,0.463004993191103,1,0,-1,1,0,0,0,0.53054625,0,0,0,0,,0,0
Bozhou,2009,0.5389593094895884,731.2777697893819,,,0.3291591893929039,3,0,-1,0,0,0,0,0.56792391370366,1,0,0,0,,0,0
Chishui,2009,0.0,832.0692465783148,,,0.0,7,0,-1,0,0,0,0,0.0,0,0,0,0,161.02165463631317,0,0
Daozhengelaozumiaozu,2009,0.583604375470271,1087.0545400969968,,,0.362037708402099,11,0,-1,0,0,0,0,0.5922148730712615,1,0,0,0,148.4230055658627,0,0
Fenggang,2009,0.5546333333333333,869.8122325524854,,,0.0132555880100867,15,0,-1,0,0,0,0,0.5404666666666667,0,0,0,0,207.11630377057887,0,0
Huichuan,2009,0.5603229166666667,775.6385858133825,,,0.0657557984365592,24,0,-1,0,0,0,0,0.5739479166666668,1,0,0,0,,0,0
Meitan,2009,0.5372298981191223,819.899896495965,,,0.1738245866094767,39,0,-1,0,0,0,0,0.5481515151515151,0,0,0,0,249.32249322493223,1,0
Renhuai,2009,0.5458277877584422,708.5889471214747,,,0.845914833623062,51,0,-1,1,0,0,0,0.583264056773052,1,0,0,0,313.19910514541385,1,0
Suiyang,2009,0.5237349315523657,924.8719351580576,,,0.499793049936647,60,0,-1,0,0,0,0,0.5427392643540669,0,0,0,0,190.95869056897897,0,0
Tongzi,2009,0.5450303461662892,905.240472022262,,,0.4280443029668578,63,0,-1,0,0,0,0,0.5655951256335598,1,0,0,0,196.875,0,0
Wuchuangelaozumiaozu,2009,0.5671238261965255,1017.8482463611645,,,0.3173505550547649,68,0,-1,0,0,0,0,0.5624551943543592,1,0,0,0,147.85430941218897,0,0
Xishui,2009,0.5448267473118278,827.7908561116473,,,0.1542982328473391,73,0,-1,0,0,0,0,0.5727101967253176,1,0,0,0,207.80051150895144,0,0
Yuqing,2009,0.5423599993852207,780.8063497302255,,,0.1213940636677859,80,0,-1,0,0,0,0,0.5535511393909587,0,0,0,0,172.5200246457178,0,0
Zhengan,2009,0.5872436923343576,1020.5804961753496,,,0.5374867708657205,82,0,-1,0,0,0,0,0.5777959473460957,1,0,0,0,219.65317919075144,0,0
Honghuagang,2009,0.0,744.1617483086186,,,0.0,21,0,-1,0,0,0,0,0.0,0,0,0,0,,0,0
Bijiang,2009,0.5304281862745099,735.2451277308973,,,0.1752654670805311,2,0,-1,0,0,0,0,0.5371727829768272,0,0,0,0,231.17569352708057,1,0
Dejiang,2009,0.5662153988022465,917.9906588410336,,,0.282678600620447,12,0,-1,0,0,0,0,0.5511258566690383,0,0,0,0,217.1814671814672,0,0
Jiangkou,2009,0.0,768.0594854760747,,,0.0,26,0,-1,0,0,0,0,0.0,0,0,0,0,117.6470588235294,0,0
Shiqian,2009,0.4761864583333333,774.4846469741416,,,0.0203202837975991,56,0,-1,0,0,0,0,0.5306109375,0,0,0,0,174.95395948434623,0,0
Sinan,2009,0.5313092857142857,816.207251580859,,,0.0477461813002081,58,0,-1,0,0,0,0,0.5319536904761905,0,0,0,0,246.52622142536976,1,0
Songtaomiaozu,2009,0.5181648684967124,816.2533424538361,,,0.106202726155739,59,0,-1,0,0,0,0,0.5385140032762183,0,0,0,0,223.698007689619,0,0
Wanshan,2009,0.5456625,730.7025257259562,,,0.0593635528737197,65,0,-1,0,0,0,0,0.5727885416666667,1,0,0,0,,0,0
Yanhetujiazu,2009,0.5540031193995018,897.1453040865647,,,0.8710159395916927,76,0,-1,0,0,0,0,0.5491390832526125,0,0,0,0,222.7622519238558,0,0
Yinjiangtujiazuandmiaozu,2009,0.5508267857142858,822.3388291048764,,,0.0253834013459175,77,0,-1,0,0,0,0,0.5717520833333334,1,0,0,0,209.0770015298317,0,0
Yupingdongzu,2009,0.5001677083333332,743.4302297895916,,,0.1911698281533182,79,0,-1,0,0,0,0,0.5162242187499999,0,0,0,0,271.3178294573643,1,0
Cengong,2009,0.0,751.4000529665956,,,0.0,5,0,-1,0,0,0,0,0.0,0,0,0,0,141.22394082044386,0,0
Congjiang,2009,0.5465531344368638,889.803750512921,,,0.0677082795905818,8,0,-1,1,0,0,0,0.5535379963091378,0,0,0,0,92.47842170160295,0,0
Danzhai,2009,0.5324246248896733,845.539575237005,,,1.3763281930347002,10,0,-1,1,0,0,0,0.5484241762283024,0,0,0,0,159.9147121535181,0,0
Huangping,2009,0.5189004433346917,800.7238672631411,,,1.1529161098511465,22,0,-1,0,0,0,0,0.5331299919251149,0,0,0,0,197.84172661870505,0,0
Jianhe,2009,0.5134208333333334,824.4190553793851,,,0.0114101617558225,27,0,-1,0,0,0,0,0.5425614583333334,0,0,0,0,98.03921568627452,0,0
Jinping,2009,0.547547543854367,934.5984965175638,,,0.6768634021617014,28,0,-1,0,0,0,0,0.5588215797942088,0,0,0,0,131.49655604257984,0,0
Kaili,2009,0.534641498396665,824.1231466408668,,,0.1295503872491013,30,0,-1,0,0,0,0,0.5500083109267275,0,0,0,0,329.24961715160794,1,0
Leishan,2009,0.0,875.250462267315,,,0.0,32,0,-1,1,0,0,0,0.0,0,0,0,0,114.84823625922888,0,0
Liping,2009,0.5349229748238297,995.254096841938,,,0.0699572414605866,34,0,-1,0,0,0,0,0.5486270520983627,0,0,0,0,108.08376491781132,0,0
Majiang,2009,0.5373108156028367,827.2498332532736,,,0.2342795368308867,38,0,-1,1,0,0,0,0.5583096631205673,0,0,0,0,174.85428809325563,0,0
Rongjiang,2009,0.555755790960452,869.6924776334704,,,0.1059165205740615,52,0,-1,1,0,0,0,0.5657995762711865,1,0,0,0,96.50180940892642,0,0
Sansui,2009,0.5290895833333333,784.4704939866978,,,0.024231712184275,54,0,-1,0,0,0,0,0.5029312499999999,0,0,0,0,193.05019305019303,0,0
Shibing,2009,0.5283221590909091,785.7511686166473,,,0.1800570020027731,55,0,-1,0,0,0,0,0.5526907024793388,0,0,0,0,97.15025906735752,0,0
Taijiang,2009,0.0,825.4434577190796,,,0.0,61,0,-1,0,0,0,0,0.0,0,0,0,0,132.66998341625208,0,0
Tianzhu,2009,0.5359439444109975,854.4931530035991,,,1.2004976853149187,62,0,-1,0,0,0,0,0.544185879490267,0,0,0,0,172.64879600181737,0,0
Zhenyuan,2009,0.4775833333333333,769.2448138198304,,,0.0132085821597119,84,0,-1,0,0,0,0,0.5126375,0,0,0,0,127.79552715654953,0,0
Duyun,2009,0.5049009893891596,859.3068657912103,,,0.7528896069997555,14,0,-1,1,0,0,0,0.5303353348150271,0,0,0,0,202.2867194371152,0,0
Dushan,2009,0.4982707004104501,876.0573320819069,,,2.268073886546551,13,0,-1,1,0,0,0,0.5094219291331896,0,0,0,0,139.05930470347647,0,0
Fuquan,2009,0.5247359129623903,798.2763121347019,,,1.9000415442423029,16,0,-1,1,0,0,0,0.5462666155513287,0,0,0,0,177.72511848341233,0,0
Guiding,2009,0.5109163560497921,794.5914799296252,,,1.9846145338437,19,0,-1,1,0,0,0,0.5430811791514438,0,0,0,0,165.64417177914112,0,0
Huishui,2009,0.4698414863118144,827.9716670200311,,,3.2161450122685062,25,0,-1,1,0,1,0,0.5055148811268686,0,0,0,0,165.9919028340081,0,0
Libo,2009,0.5624960060441196,846.2777278249002,,,0.3420179137960863,33,0,-1,1,0,0,0,0.5719060132083291,1,0,0,0,67.34006734006734,0,0
Longli,2009,0.5290643015356192,780.6067516578132,,,1.561627333953895,36,0,-1,1,0,0,0,0.5547468480049857,0,0,0,0,131.49243918474687,0,0
Luodian,2009,0.5127897147576773,868.1039060506558,,,1.42830075791035,37,0,-1,1,0,0,0,0.5307700492502923,0,0,0,0,99.56853634251576,0,0
Pingtang,2009,0.5270310971701442,865.0744903525718,,,1.3923893833101004,44,0,-1,1,0,0,0,0.5362436109471612,0,0,0,0,102.65486725663716,0,0
Sandushuizu,2009,0.5465119859307356,870.883959363792,,,0.9778627380074192,53,0,-1,1,0,0,0,0.5512158499278494,0,0,0,0,130.25210084033614,0,0
Wengan,2009,0.5247857758814318,790.7336741791944,,,0.2552088108325727,67,0,-1,0,0,0,0,0.539987715397837,0,0,0,0,217.83181357649443,0,0
Changshun,2009,0.5067768327484864,826.1586213602211,,,5.319764488672762,6,0,-1,1,0,1,0,0.5236346270032257,0,0,0,0,152.96367112810708,0,0
Anlong,2009,0.5020268888654805,932.3338441898292,,,6.702513152252508,0,0,-1,0,0,1,0,0.5134174397601035,0,0,0,0,183.1992850759607,0,0
Ceheng,2009,0.5900757534721722,922.414092097678,,,0.6167886361640534,4,0,-1,0,0,0,0,0.5879226776802501,1,0,0,0,80.83140877598153,0,0
Puan,2009,0.4835237979621772,922.3975134232306,,,2.889410324973587,45,0,-1,1,0,0,0,0.5096022971664728,0,0,1,0,195.9412176347096,0,0
Qinglong,2009,0.5329356785336873,910.5858800844246,,,4.400841459366841,48,0,-1,1,0,1,0,0.5392488402548564,0,0,0,0,202.854996243426,0,0
Wangmo,2009,0.5569530651014536,895.747615941636,,,1.847908153841667,64,0,-1,1,0,0,0,0.5647911365155242,1,0,0,0,89.82035928143712,0,0
Xingren,2009,0.49484042285659,910.4486483891536,,,6.603030601557847,71,0,-1,0,0,1,0,0.5088626326884613,0,0,0,0,,0,0
Xingyi,2009,0.5149297498980684,860.1461001252623,,,4.785560651562789,72,0,-1,0,0,1,0,0.5201113934149545,0,0,0,0,243.90243902439025,1,0
Zhenfeng,2009,0.5047226801181227,896.261616431328,,,10.521882137488532,81,0,-1,0,0,1,0,0.5193393179289864,0,0,0,0,225.01654533421572,1,0
Liuzhite,2010,0.4794414683405944,1017.7541415486246,2.0,0.8,2.27228048698804,35,1,0,1,1,0,0,0.5431900812271002,0,0,0,0,334.82142857142856,1,1
Panzhou,2010,0.4846563888888889,1048.654326830217,0.0,0.4,0.0864725450880446,42,1,0,0,0,0,0,0.5440188952020202,0,0,1,0,,0,0
Shuicheng,2010,0.5170214372936907,895.4308060225894,2.0,0.8,1.921523088068112,57,1,0,1,1,0,0,0.5728227529591806,1,1,1,1,195.3125,0,0
Zhongshan,2010,0.4656361112936576,782.4267021248647,2.0,0.8,3.186154509638887,86,1,0,1,1,1,1,0.5289898294317594,0,0,1,1,,0,0
Guanlingbuyizumiaozu,2010,0.4998408354209237,1144.6722412085032,2.0,0.8,18.30559404058004,17,1,0,1,1,1,1,0.5418289418724831,0,0,0,0,218.28103683492495,0,0
Pingba,2010,0.4484245891751093,946.6392716325644,2.0,0.8,23.04381036544468,43,1,0,1,1,1,1,0.51749653033561,0,0,0,0,,0,0
Puding,2010,0.4469798169086402,1000.1737674505208,2.0,0.8,9.911927761216717,46,1,0,1,1,1,1,0.5108147690311406,0,0,0,0,368.66359447004606,1,1
Xixiu,2010,0.4495307958708817,1035.7130596165591,2.0,0.8,21.52884621920908,75,1,0,1,1,1,1,0.525234914722094,0,0,0,0,,0,0
Zhenningbuyizuandmiaozu,2010,0.4765278744697715,1155.2548869268685,2.0,0.8,5.147267131763767,83,1,0,1,1,1,1,0.5408999284938268,0,0,0,0,197.55955839628123,0,0
Ziyunmiaozuandbuyizu,2010,0.4538933100141411,1203.2907333600626,1.0,0.6,1.5019892158423918,87,1,0,0,0,0,0,0.5123081879161675,0,0,0,0,144.73684210526315,0,0
Dafang,2010,0.5245876952029257,759.9253777691644,1.0,0.6,18.02780994513717,9,1,0,0,0,1,0,0.5800633145247991,1,0,1,0,271.42857142857144,1,0
Hezhang,2010,0.5283708538432351,732.4388886764868,1.0,0.6,5.124168693188555,20,1,0,0,0,1,0,0.5611909950923055,1,0,1,0,191.0631741140216,0,0
Jinsha,2010,0.5566819578274155,738.9346788037901,1.0,0.6,1.431018253961164,29,1,0,0,0,0,0,0.5583334568729623,0,0,0,0,225.4746835443038,1,0
Nayong,2010,0.5250904421210572,827.5583147952568,2.0,0.8,6.898442444125343,41,1,0,1,1,1,1,0.5774449727943816,1,1,1,1,298.202614379085,1,1
Qixingguan,2010,0.5232194774379688,751.0540660365718,2.0,0.8,9.75842044134727,50,1,0,1,1,1,1,0.5875250232843955,1,1,1,1,363.4232121922626,1,1
Qianxi,2010,0.5202629203925572,791.3456211527676,1.0,0.6,9.388543507179223,47,1,0,0,0,1,0,0.5534201653145214,0,0,0,0,313.35683509596555,1,0
Weiningyizuhuizumiaozu,2010,0.5119204598763202,715.1828660084115,2.0,0.8,34.22099558416516,66,1,0,1,1,1,1,0.5344928769891708,0,0,1,1,165.18424396442185,0,0
Zhijin,2010,0.5210565907605896,883.2688894481246,2.0,0.8,3.332235401204219,85,1,0,1,1,1,1,0.5783823981431635,1,1,1,1,313.8075313807531,1,1
Guanshanhu,2010,0.3978187987457421,887.8208411085249,2.0,0.8,0.8585294211551363,18,1,0,1,1,0,0,0.5158036167351097,0,0,0,0,,0,0
Huaxi,2010,0.4712893277418273,980.847887773682,2.0,0.8,12.60055417198841,23,1,0,1,1,1,1,0.5290395919891179,0,0,0,0,,0,0
Kaiyang,2010,0.5062554007820137,836.8191160788249,1.0,0.6,0.3329483995264734,31,1,0,0,0,0,0,0.5602290902981428,0,0,0,0,207.30503455083908,0,0
Nanming,2010,0.4698072890088287,919.2066459999584,2.0,0.8,2.23661764027848,40,1,0,1,1,0,0,0.5545337407400402,0,0,0,0,,0,0
Qingzhen,2010,0.4380300087425779,868.2409841862047,2.0,0.8,3.4670192448949595,49,1,0,1,1,1,1,0.511695280829848,0,0,0,0,335.1206434316354,1,1
Wudang,2010,0.5408613095238095,891.438217389922,2.0,0.8,0.1097375193295826,69,1,0,1,1,0,0,0.5798244588744589,1,1,0,0,,0,0
Xifeng,2010,0.4993361868686869,788.405126094119,1.0,0.6,0.3608225055137449,70,1,0,0,0,0,0,0.5541319318181818,0,0,0,0,231.43683702989392,1,0
Xiuwen,2010,0.4717514378478665,834.4573635097512,2.0,0.8,0.2790995482418099,74,1,0,1,1,0,0,0.531109199134199,0,0,0,0,270.7749766573296,1,1
Yunyan,2010,0.4529182176565376,898.4385302125643,2.0,0.8,1.6371877072739325,78,1,0,1,1,0,0,0.536317225627302,0,0,0,0,,0,0
Baiyun,2010,0.4795529166666667,876.6035682633011,2.0,0.8,0.463004993191103,1,1,0,1,1,0,0,0.53054625,0,0,0,0,,0,0
Bozhou,2010,0.5325194010142795,781.3770502138426,1.0,0.6,0.3291591893929039,3,1,0,0,0,0,0,0.56792391370366,1,0,0,0,,0,0
Chishui,2010,0.0,849.0886360098644,0.0,0.4,0.0,7,1,0,0,0,0,0,0.0,0,0,0,0,161.02165463631317,0,0
Daozhengelaozumiaozu,2010,0.561492933424724,966.1373208374572,0.0,0.2,0.362037708402099,11,1,0,0,0,0,0,0.5922148730712615,1,0,0,0,148.4230055658627,0,0
Fenggang,2010,0.5753895833333333,874.3698838843441,0.0,0.4,0.0132555880100867,15,1,0,0,0,0,0,0.5404666666666667,0,0,0,0,207.11630377057887,0,0
Huichuan,2010,0.4960597222222223,804.0667653026403,1.0,0.6,0.0657557984365592,24,1,0,0,0,0,0,0.5739479166666668,1,0,0,0,,0,0
Meitan,2010,0.5069545977011495,852.2317863137944,0.0,0.4,0.1738245866094767,39,1,0,0,0,0,0,0.5481515151515151,0,0,0,0,249.32249322493223,1,0
Renhuai,2010,0.5350439315835075,790.0332593522578,2.0,0.8,0.845914833623062,51,1,0,1,1,0,0,0.583264056773052,1,1,0,0,313.19910514541385,1,1
Suiyang,2010,0.445507944577353,916.4486256904264,0.0,0.4,0.499793049936647,60,1,0,0,0,0,0,0.5427392643540669,0,0,0,0,190.95869056897897,0,0
Tongzi,2010,0.4679449692656097,924.1526480711308,1.0,0.6,0.4280443029668578,63,1,0,0,0,0,0,0.5655951256335598,1,0,0,0,196.875,0,0
Wuchuangelaozumiaozu,2010,0.5121423512945097,1016.6572320760476,0.0,0.2,0.3173505550547649,68,1,0,0,0,0,0,0.5624551943543592,1,0,0,0,147.85430941218897,0,0
Xishui,2010,0.4988271260997068,858.4501958957779,0.0,0.4,0.1542982328473391,73,1,0,0,0,0,0,0.5727101967253176,1,0,0,0,207.80051150895144,0,0
Yuqing,2010,0.5132408346653552,816.2852365203333,1.0,0.6,0.1213940636677859,80,1,0,0,0,0,0,0.5535511393909587,0,0,0,0,172.5200246457178,0,0
Zhengan,2010,0.5169694744549205,1004.425169118557,0.0,0.2,0.5374867708657205,82,1,0,0,0,0,0,0.5777959473460957,1,0,0,0,219.65317919075144,0,0
Honghuagang,2010,0.0,766.0384424862197,1.0,0.6,0.0,21,1,0,0,0,0,0,0.0,0,0,0,0,,0,0
Bijiang,2010,0.5100227941176471,1001.7612715894678,0.0,0.4,0.1752654670805311,2,1,0,0,0,0,0,0.5371727829768272,0,0,0,0,231.17569352708057,1,0
Dejiang,2010,0.5307191759744704,947.7572491056986,0.0,0.4,0.282678600620447,12,1,0,0,0,0,0,0.5511258566690383,0,0,0,0,217.1814671814672,0,0
Jiangkou,2010,0.0,980.4703578714308,0.0,0.4,0.0,26,1,0,0,0,0,0,0.0,0,0,0,0,117.6470588235294,0,0
Shiqian,2010,0.5482354166666666,849.231766853443,1.0,0.6,0.0203202837975991,56,1,0,0,0,0,0,0.5306109375,0,0,0,0,174.95395948434623,0,0
Sinan,2010,0.5325821428571428,868.7636177698242,0.0,0.4,0.0477461813002081,58,1,0,0,0,0,0,0.5319536904761905,0,0,0,0,246.52622142536976,1,0
Songtaomiaozu,2010,0.5367229355165699,1076.2435222487295,0.0,0.4,0.106202726155739,59,1,0,0,0,0,0,0.5385140032762183,0,0,0,0,223.698007689619,0,0
Wanshan,2010,0.539259375,962.044172165517,0.0,0.4,0.0593635528737197,65,1,0,0,0,0,0,0.5727885416666667,1,0,0,0,,0,0
Yanhetujiazu,2010,0.5393251680269302,1011.5142250876528,0.0,0.2,0.8710159395916927,76,1,0,0,0,0,0,0.5491390832526125,0,0,0,0,222.7622519238558,0,0
Yinjiangtujiazuandmiaozu,2010,0.5805380952380952,988.763085303378,0.0,0.4,0.0253834013459175,77,1,0,0,0,0,0,0.5717520833333334,1,0,0,0,209.0770015298317,0,0
Yupingdongzu,2010,0.5302223958333334,899.0849589236318,0.0,0.4,0.1911698281533182,79,1,0,0,0,0,0,0.5162242187499999,0,0,0,0,271.3178294573643,1,0
Cengong,2010,0.0,886.1369479835785,0.0,0.4,0.0,5,1,0,0,0,0,0,0.0,0,0,0,0,141.22394082044386,0,0
Congjiang,2010,0.5021780293709945,1157.6414739447164,2.0,0.8,0.0677082795905818,8,1,0,1,1,0,0,0.5535379963091378,0,0,0,0,92.47842170160295,0,0
Danzhai,2010,0.4998158171521034,993.4462761237852,2.0,0.8,1.3763281930347002,10,1,0,1,1,0,0,0.5484241762283024,0,0,0,0,159.9147121535181,0,0
Huangping,2010,0.513210578491016,857.9751740369285,1.0,0.6,1.1529161098511465,22,1,0,0,0,0,0,0.5331299919251149,0,0,0,0,197.84172661870505,0,0
Jianhe,2010,0.5113125000000001,920.4573145836462,0.0,0.4,0.0114101617558225,27,1,0,0,0,0,0,0.5425614583333334,0,0,0,0,98.03921568627452,0,0
Jinping,2010,0.4914633759165597,974.0421208373303,0.0,0.4,0.6768634021617014,28,1,0,0,0,0,0,0.5588215797942088,0,0,0,0,131.49655604257984,0,0
Kaili,2010,0.4928446005291004,921.4363137243322,1.0,0.6,0.1295503872491013,30,1,0,0,0,0,0,0.5500083109267275,0,0,0,0,329.24961715160794,1,0
Leishan,2010,0.0,1026.4735444778448,2.0,0.8,0.0,32,1,0,1,1,0,0,0.0,0,0,0,0,114.84823625922888,0,0
Liping,2010,0.5029435010350669,1102.0507822499803,0.0,0.4,0.0699572414605866,34,1,0,0,0,0,0,0.5486270520983627,0,0,0,0,108.08376491781132,0,0
Majiang,2010,0.4856558510638299,967.2385799563745,2.0,0.8,0.2342795368308867,38,1,0,1,1,0,0,0.5583096631205673,0,0,0,0,174.85428809325563,0,0
Rongjiang,2010,0.5345843220338982,1055.4529022173836,2.0,0.8,0.1059165205740615,52,1,0,1,1,0,0,0.5657995762711865,1,1,0,0,96.50180940892642,0,0
Sansui,2010,0.4908791666666667,863.6618300090802,0.0,0.4,0.024231712184275,54,1,0,0,0,0,0,0.5029312499999999,0,0,0,0,193.05019305019303,0,0
Shibing,2010,0.4998804924242425,845.9478768947852,1.0,0.6,0.1800570020027731,55,1,0,0,0,0,0,0.5526907024793388,0,0,0,0,97.15025906735752,0,0
Taijiang,2010,0.0,925.8244527140412,1.0,0.6,0.0,61,1,0,0,0,0,0,0.0,0,0,0,0,132.66998341625208,0,0
Tianzhu,2010,0.501611927219212,938.1412040570568,0.0,0.4,1.2004976853149187,62,1,0,0,0,0,0,0.544185879490267,0,0,0,0,172.64879600181737,0,0
Zhenyuan,2010,0.4581363636363637,870.2574468062074,1.0,0.6,0.0132085821597119,84,1,0,0,0,0,0,0.5126375,0,0,0,0,127.79552715654953,0,0
Duyun,2010,0.4816966040531497,1089.2703575104815,2.0,0.8,0.7528896069997555,14,1,0,1,1,0,0,0.5303353348150271,0,0,0,0,202.2867194371152,0,0
Dushan,2010,0.4691135490241827,1174.1463373487866,2.0,0.8,2.268073886546551,13,1,0,1,1,0,0,0.5094219291331896,0,0,0,0,139.05930470347647,0,0
Fuquan,2010,0.5105156785899496,894.8169303229296,2.0,0.8,1.9000415442423029,16,1,0,1,1,0,0,0.5462666155513287,0,0,0,0,177.72511848341233,0,0
Guiding,2010,0.4753505163880763,1000.8514856478354,2.0,0.8,1.9846145338437,19,1,0,1,1,0,0,0.5430811791514438,0,0,0,0,165.64417177914112,0,0
Huishui,2010,0.4713703633988614,1146.4566827337444,2.0,0.8,3.2161450122685062,25,1,0,1,1,1,1,0.5055148811268686,0,0,0,0,165.9919028340081,0,0
Libo,2010,0.5404861845917371,1197.852675399807,2.0,0.8,0.3420179137960863,33,1,0,1,1,0,0,0.5719060132083291,1,1,0,0,67.34006734006734,0,0
Longli,2010,0.4896126114034967,978.4664085782324,2.0,0.8,1.561627333953895,36,1,0,1,1,0,0,0.5547468480049857,0,0,0,0,131.49243918474687,0,0
Luodian,2010,0.4877808249353988,1216.2237833202755,2.0,0.8,1.42830075791035,37,1,0,1,1,0,0,0.5307700492502923,0,0,0,0,99.56853634251576,0,0
Pingtang,2010,0.463575646467706,1200.1627496816293,2.0,0.8,1.3923893833101004,44,1,0,1,1,0,0,0.5362436109471612,0,0,0,0,102.65486725663716,0,0
Sandushuizu,2010,0.5012282467532471,1134.63555329628,2.0,0.8,0.9778627380074192,53,1,0,1,1,0,0,0.5512158499278494,0,0,0,0,130.25210084033614,0,0
Wengan,2010,0.5140706604107573,829.4953597784987,1.0,0.6,0.2552088108325727,67,1,0,0,0,0,0,0.539987715397837,0,0,0,0,217.83181357649443,0,0
Changshun,2010,0.4398179730238344,1116.683355150822,2.0,0.8,5.319764488672762,6,1,0,1,1,1,1,0.5236346270032257,0,0,0,0,152.96367112810708,0,0
Anlong,2010,0.5140149029402383,1261.8231793433026,0.0,0.4,6.702513152252508,0,1,0,0,0,1,0,0.5134174397601035,0,0,0,0,183.1992850759607,0,0
Ceheng,2010,0.5537150148587731,1238.3622814694893,1.0,0.6,0.6167886361640534,4,1,0,0,0,0,0,0.5879226776802501,1,0,0,0,80.83140877598153,0,0
Puan,2010,0.5011358309170281,1071.641229079888,2.0,0.8,2.889410324973587,45,1,0,1,1,0,0,0.5096022971664728,0,0,1,1,195.9412176347096,0,0
Qinglong,2010,0.4999925540636073,1078.4970200200798,2.0,0.8,4.400841459366841,48,1,0,1,1,1,1,0.5392488402548564,0,0,0,0,202.854996243426,0,0
Wangmo,2010,0.5364626048212984,1244.0452649375293,2.0,0.8,1.847908153841667,64,1,0,1,1,0,0,0.5647911365155242,1,1,0,0,89.82035928143712,0,0
Xingren,2010,0.4868484785560784,1198.6606686475714,0.0,0.4,6.603030601557847,71,1,0,0,0,1,0,0.5088626326884613,0,0,0,0,,0,0
Xingyi,2010,0.511486751265625,1116.3651130760784,1.0,0.6,4.785560651562789,72,1,0,0,0,1,0,0.5201113934149545,0,0,0,0,243.90243902439025,1,0
Zhenfeng,2010,0.4708459263287484,1205.4272815146828,1.0,0.6,10.521882137488532,81,1,0,0,0,1,0,0.5193393179289864,0,0,0,0,225.01654533421572,1,0
Liuzhite,2011,0.5498751557948995,773.0503054182819,,,2.27228048698804,35,1,1,1,1,0,0,0.5431900812271002,0,0,0,0,334.82142857142856,1,1
Panzhou,2011,0.4982630555555555,748.9308476189037,,,0.0864725450880446,42,1,1,0,0,0,0,0.5440188952020202,0,0,1,0,,0,0
Shuicheng,2011,0.5516442786500617,692.8406410839212,,,1.921523088068112,57,1,1,1,1,0,0,0.5728227529591806,1,1,1,1,195.3125,0,0
Zhongshan,2011,0.5071156563315209,639.9897419046608,,,3.186154509638887,86,1,1,1,1,1,1,0.5289898294317594,0,0,1,1,,0,0
Guanlingbuyizumiaozu,2011,0.5347593692595317,768.8393767870429,,,18.30559404058004,17,1,1,1,1,1,1,0.5418289418724831,0,0,0,0,218.28103683492495,0,0
Pingba,2011,0.528596973791551,642.5342180037812,,,23.04381036544468,43,1,1,1,1,1,1,0.51749653033561,0,0,0,0,,0,0
Puding,2011,0.5327384132914125,715.5395378255976,,,9.911927761216717,46,1,1,1,1,1,1,0.5108147690311406,0,0,0,0,368.66359447004606,1,1
Xixiu,2011,0.5469494193119709,672.1679349078074,,,21.52884621920908,75,1,1,1,1,1,1,0.525234914722094,0,0,0,0,,0,0
Zhenningbuyizuandmiaozu,2011,0.5303801838301077,716.3950135771439,,,5.147267131763767,83,1,1,1,1,1,1,0.5408999284938268,0,0,0,0,197.55955839628123,0,0
Ziyunmiaozuandbuyizu,2011,0.5123332697788795,703.9234928905616,,,1.5019892158423918,87,1,1,0,0,0,0,0.5123081879161675,0,0,0,0,144.73684210526315,0,0
Dafang,2011,0.537309282079126,602.8365081471823,,,18.02780994513717,9,1,1,0,0,1,0,0.5800633145247991,1,0,1,0,271.42857142857144,1,0
Hezhang,2011,0.5537629564251454,558.834867000356,,,5.124168693188555,20,1,1,0,0,1,0,0.5611909950923055,1,0,1,0,191.0631741140216,0,0
Jinsha,2011,0.5380128368070419,551.6165531902456,,,1.431018253961164,29,1,1,0,0,0,0,0.5583334568729623,0,0,0,0,225.4746835443038,1,0
Nayong,2011,0.5523798473747243,642.2097576646637,,,6.898442444125343,41,1,1,1,1,1,1,0.5774449727943816,1,1,1,1,298.202614379085,1,1
Qixingguan,2011,0.5410132163338095,538.9638658876969,,,9.75842044134727,50,1,1,1,1,1,1,0.5875250232843955,1,1,1,1,363.4232121922626,1,1
Qianxi,2011,0.5091581490497743,618.5714027362153,,,9.388543507179223,47,1,1,0,0,1,0,0.5534201653145214,0,0,0,0,313.35683509596555,1,0
Weiningyizuhuizumiaozu,2011,0.5152153086885544,512.8653459771506,,,34.22099558416516,66,1,1,1,1,1,1,0.5344928769891708,0,0,1,1,165.18424396442185,0,0
Zhijin,2011,0.54185975426451,680.9748389780136,,,3.332235401204219,85,1,1,1,1,1,1,0.5783823981431635,1,1,1,1,313.8075313807531,1,1
Guanshanhu,2011,0.48111242717983,607.0559124610068,,,0.8585294211551363,18,1,1,1,1,0,0,0.5158036167351097,0,0,0,0,,0,0
Huaxi,2011,0.518713800963318,636.6438995985553,,,12.60055417198841,23,1,1,1,1,1,1,0.5290395919891179,0,0,0,0,,0,0
Kaiyang,2011,0.4965257392473116,562.0579648340647,,,0.3329483995264734,31,1,1,0,0,0,0,0.5602290902981428,0,0,0,0,207.30503455083908,0,0
Nanming,2011,0.5113321018479986,615.0862276848815,,,2.23661764027848,40,1,1,1,1,0,0,0.5545337407400402,0,0,0,0,,0,0
Qingzhen,2011,0.5132222564734177,629.795010930553,,,3.4670192448949595,49,1,1,1,1,1,1,0.511695280829848,0,0,0,0,335.1206434316354,1,1
Wudang,2011,0.5060041666666667,595.0377459619028,,,0.1097375193295826,69,1,1,1,1,0,0,0.5798244588744589,1,1,0,0,,0,0
Xifeng,2011,0.5303059722222222,538.7207372889505,,,0.3608225055137449,70,1,1,0,0,0,0,0.5541319318181818,0,0,0,0,231.43683702989392,1,0
Xiuwen,2011,0.5130532312925169,579.7345896788977,,,0.2790995482418099,74,1,1,1,1,0,0,0.531109199134199,0,0,0,0,270.7749766573296,1,1
Yunyan,2011,0.4669148871745772,610.4239807990319,,,1.6371877072739325,78,1,1,1,1,0,0,0.536317225627302,0,0,0,0,,0,0
Baiyun,2011,0.4971866666666667,605.8435741734097,,,0.463004993191103,1,1,1,1,1,0,0,0.53054625,0,0,0,0,,0,0
Bozhou,2011,0.5509726132619046,542.394673394184,,,0.3291591893929039,3,1,1,0,0,0,0,0.56792391370366,1,0,0,0,,0,0
Chishui,2011,0.0,516.8515700412129,,,0.0,7,1,1,0,0,0,0,0.0,0,0,0,0,161.02165463631317,0,0
Daozhengelaozumiaozu,2011,0.6158031502200014,589.1201643222714,,,0.362037708402099,11,1,1,0,0,0,0,0.5922148730712615,1,0,0,0,148.4230055658627,0,0
Fenggang,2011,0.5788479166666667,610.868371747633,,,0.0132555880100867,15,1,1,0,0,0,0,0.5404666666666667,0,0,0,0,207.11630377057887,0,0
Huichuan,2011,0.551724558080808,518.3096013986677,,,0.0657557984365592,24,1,1,0,0,0,0,0.5739479166666668,1,0,0,0,,0,0
Meitan,2011,0.5158658045977011,603.4766698807367,,,0.1738245866094767,39,1,1,0,0,0,0,0.5481515151515151,0,0,0,0,249.32249322493223,1,0
Renhuai,2011,0.5376213946735022,524.8932361754541,,,0.845914833623062,51,1,1,1,1,0,0,0.583264056773052,1,1,0,0,313.19910514541385,1,1
Suiyang,2011,0.5559841374269004,562.6618671666874,,,0.499793049936647,60,1,1,0,0,0,0,0.5427392643540669,0,0,0,0,190.95869056897897,0,0
Tongzi,2011,0.5855699099536288,529.8637658651523,,,0.4280443029668578,63,1,1,0,0,0,0,0.5655951256335598,1,0,0,0,196.875,0,0
Wuchuangelaozumiaozu,2011,0.6028937136647088,607.3579969916908,,,0.3173505550547649,68,1,1,0,0,0,0,0.5624551943543592,1,0,0,0,147.85430941218897,0,0
Xishui,2011,0.5797168010752688,507.5067053196007,,,0.1542982328473391,73,1,1,0,0,0,0,0.5727101967253176,1,0,0,0,207.80051150895144,0,0
Yuqing,2011,0.494278209147916,603.2066194952394,,,0.1213940636677859,80,1,1,0,0,0,0,0.5535511393909587,0,0,0,0,172.5200246457178,0,0
Zhengan,2011,0.6088995014519525,594.0703220474506,,,0.5374867708657205,82,1,1,0,0,0,0,0.5777959473460957,1,0,0,0,219.65317919075144,0,0
Honghuagang,2011,0.0,528.7432127169956,,,0.0,21,1,1,0,0,0,0,0.0,0,0,0,0,,0,0
Bijiang,2011,0.5426178921568628,600.3226403200347,,,0.1752654670805311,2,1,1,0,0,0,0,0.5371727829768272,0,0,0,0,231.17569352708057,1,0
Dejiang,2011,0.560596945520857,626.8532092754317,,,0.282678600620447,12,1,1,0,0,0,0,0.5511258566690383,0,0,0,0,217.1814671814672,0,0
Jiangkou,2011,0.0,638.2794372411556,,,0.0,26,1,1,0,0,0,0,0.0,0,0,0,0,117.6470588235294,0,0
Shiqian,2011,0.5012791666666667,632.3181869556219,,,0.0203202837975991,56,1,1,0,0,0,0,0.5306109375,0,0,0,0,174.95395948434623,0,0
Sinan,2011,0.4792757142857144,619.1750203678525,,,0.0477461813002081,58,1,1,0,0,0,0,0.5319536904761905,0,0,0,0,246.52622142536976,1,0
Songtaomiaozu,2011,0.5575870899045205,697.7007374793588,,,0.106202726155739,59,1,1,0,0,0,0,0.5385140032762183,0,0,0,0,223.698007689619,0,0
Wanshan,2011,0.541584375,591.9550353438798,,,0.0593635528737197,65,1,1,0,0,0,0,0.5727885416666667,1,0,0,0,,0,0
Yanhetujiazu,2011,0.5522118356606476,640.2584386590103,,,0.8710159395916927,76,1,1,0,0,0,0,0.5491390832526125,0,0,0,0,222.7622519238558,0,0
Yinjiangtujiazuandmiaozu,2011,0.540477380952381,685.2864231110456,,,0.0253834013459175,77,1,1,0,0,0,0,0.5717520833333334,1,0,0,0,209.0770015298317,0,0
Yupingdongzu,2011,0.5363442708333335,585.6965765085655,,,0.1911698281533182,79,1,1,0,0,0,0,0.5162242187499999,0,0,0,0,271.3178294573643,1,0
Cengong,2011,0.0,595.1181863727217,,,0.0,5,1,1,0,0,0,0,0.0,0,0,0,0,141.22394082044386,0,0
Congjiang,2011,0.5170311467770198,822.8312252456699,,,0.0677082795905818,8,1,1,1,1,0,0,0.5535379963091378,0,0,0,0,92.47842170160295,0,0
Danzhai,2011,0.506042556634304,679.5933254943501,,,1.3763281930347002,10,1,1,1,1,0,0,0.5484241762283024,0,0,0,0,159.9147121535181,0,0
Huangping,2011,0.5043232250932924,611.8453299460658,,,1.1529161098511465,22,1,1,0,0,0,0,0.5331299919251149,0,0,0,0,197.84172661870505,0,0
Jianhe,2011,0.5125979166666668,675.8554900339033,,,0.0114101617558225,27,1,1,0,0,0,0,0.5425614583333334,0,0,0,0,98.03921568627452,0,0
Jinping,2011,0.5214400468892928,734.4588747891703,,,0.6768634021617014,28,1,1,0,0,0,0,0.5588215797942088,0,0,0,0,131.49655604257984,0,0
Kaili,2011,0.5180390868205869,646.8776512245819,,,0.1295503872491013,30,1,1,0,0,0,0,0.5500083109267275,0,0,0,0,329.24961715160794,1,0
Leishan,2011,0.0,700.8616756116907,,,0.0,32,1,1,1,1,0,0,0.0,0,0,0,0,114.84823625922888,0,0
Liping,2011,0.5571568497850977,794.211913243766,,,0.0699572414605866,34,1,1,0,0,0,0,0.5486270520983627,0,0,0,0,108.08376491781132,0,0
Majiang,2011,0.53905195035461,663.5518348888697,,,0.2342795368308867,38,1,1,1,1,0,0,0.5583096631205673,0,0,0,0,174.85428809325563,0,0
Rongjiang,2011,0.536827824858757,741.7460005298293,,,0.1059165205740615,52,1,1,1,1,0,0,0.5657995762711865,1,1,0,0,96.50180940892642,0,0
Sansui,2011,0.5236041666666666,638.8891796143803,,,0.024231712184275,54,1,1,0,0,0,0,0.5029312499999999,0,0,0,0,193.05019305019303,0,0
Shibing,2011,0.4935179924242424,608.400406623664,,,0.1800570020027731,55,1,1,0,0,0,0,0.5526907024793388,0,0,0,0,97.15025906735752,0,0
Taijiang,2011,0.0,669.9056690423043,,,0.0,61,1,1,0,0,0,0,0.0,0,0,0,0,132.66998341625208,0,0
Tianzhu,2011,0.5338477557027219,704.2474851160441,,,1.2004976853149187,62,1,1,0,0,0,0,0.544185879490267,0,0,0,0,172.64879600181737,0,0
Zhenyuan,2011,0.4580541666666666,626.066128608785,,,0.0132085821597119,84,1,1,0,0,0,0,0.5126375,0,0,0,0,127.79552715654953,0,0
Duyun,2011,0.5023784494790174,698.4459256089048,,,0.7528896069997555,14,1,1,1,1,0,0,0.5303353348150271,0,0,0,0,202.2867194371152,0,0
Dushan,2011,0.4605180461561959,744.1161268863563,,,2.268073886546551,13,1,1,1,1,0,0,0.5094219291331896,0,0,0,0,139.05930470347647,0,0
Fuquan,2011,0.4692449408400518,618.6454888754305,,,1.9000415442423029,16,1,1,1,1,0,0,0.5462666155513287,0,0,0,0,177.72511848341233,0,0
Guiding,2011,0.5168714562568,647.4763169039954,,,1.9846145338437,19,1,1,1,1,0,0,0.5430811791514438,0,0,0,0,165.64417177914112,0,0
Huishui,2011,0.5146264920447045,672.2684427347762,,,3.2161450122685062,25,1,1,1,1,1,1,0.5055148811268686,0,0,0,0,165.9919028340081,0,0
Libo,2011,0.5277504553697626,778.2013281263867,,,0.3420179137960863,33,1,1,1,1,0,0,0.5719060132083291,1,1,0,0,67.34006734006734,0,0
Longli,2011,0.5310557839762129,638.3755966342484,,,1.561627333953895,36,1,1,1,1,0,0,0.5547468480049857,0,0,0,0,131.49243918474687,0,0
Luodian,2011,0.4981771375207797,727.1960510623005,,,1.42830075791035,37,1,1,1,1,0,0,0.5307700492502923,0,0,0,0,99.56853634251576,0,0
Pingtang,2011,0.5051765948348054,737.0275596426486,,,1.3923893833101004,44,1,1,1,1,0,0,0.5362436109471612,0,0,0,0,102.65486725663716,0,0
Sandushuizu,2011,0.5022923484848479,739.6294019502055,,,0.9778627380074192,53,1,1,1,1,0,0,0.5512158499278494,0,0,0,0,130.25210084033614,0,0
Wengan,2011,0.4950368646759848,596.7523451710623,,,0.2552088108325727,67,1,1,0,0,0,0,0.539987715397837,0,0,0,0,217.83181357649443,0,0
Changshun,2011,0.5467528921060502,666.0518205425403,,,5.319764488672762,6,1,1,1,1,1,1,0.5236346270032257,0,0,0,0,152.96367112810708,0,0
Anlong,2011,0.514292682641913,775.3398008282013,,,6.702513152252508,0,1,1,0,0,1,0,0.5134174397601035,0,0,0,0,183.1992850759607,0,0
Ceheng,2011,0.5253823182001895,766.7279196821662,,,0.6167886361640534,4,1,1,0,0,0,0,0.5879226776802501,1,0,0,0,80.83140877598153,0,0
Puan,2011,0.5023798549427938,752.8370778187505,,,2.889410324973587,45,1,1,1,1,0,0,0.5096022971664728,0,0,1,1,195.9412176347096,0,0
Qinglong,2011,0.5187317781300625,776.6257670130669,,,4.400841459366841,48,1,1,1,1,1,1,0.5392488402548564,0,0,0,0,202.854996243426,0,0
Wangmo,2011,0.5353354522152689,741.3473658412427,,,1.847908153841667,64,1,1,1,1,0,0,0.5647911365155242,1,1,0,0,89.82035928143712,0,0
Xingren,2011,0.5098280496259581,789.1548789307536,,,6.603030601557847,71,1,1,0,0,1,0,0.5088626326884613,0,0,0,0,,0,0
Xingyi,2011,0.4995949833205232,663.100141611525,,,4.785560651562789,72,1,1,0,0,1,0,0.5201113934149545,0,0,0,0,243.90243902439025,1,0
Zhenfeng,2011,0.5017691431505131,742.4567988663118,,,10.521882137488532,81,1,1,0,0,1,0,0.5193393179289864,0,0,0,0,225.01654533421572,1,0
Liuzhite,2012,0.4591394905666176,1109.8488101919013,,,2.27228048698804,35,1,2,1,1,0,0,0.5431900812271002,0,0,0,0,334.82142857142856,1,1
Panzhou,2012,0.4422685858585858,1079.5203055288312,,,0.0864725450880446,42,1,2,0,0,0,0,0.5440188952020202,0,0,1,0,,0,0
Shuicheng,2012,0.4250747114091687,960.7804021802586,,,1.921523088068112,57,1,2,1,1,0,0,0.5728227529591806,1,1,1,1,195.3125,0,0
Zhongshan,2012,0.4442525299153966,900.714636953636,,,3.186154509638887,86,1,2,1,1,1,1,0.5289898294317594,0,0,1,1,,0,0
Guanlingbuyizumiaozu,2012,0.4517841985965585,1087.1113385809915,,,18.30559404058004,17,1,2,1,1,1,1,0.5418289418724831,0,0,0,0,218.28103683492495,0,0
Pingba,2012,0.486743407127506,976.2637244834827,,,23.04381036544468,43,1,2,1,1,1,1,0.51749653033561,0,0,0,0,,0,0
Puding,2012,0.4514081288747828,1085.3765651025844,,,9.911927761216717,46,1,2,1,1,1,1,0.5108147690311406,0,0,0,0,368.66359447004606,1,1
Xixiu,2012,0.4748567679879026,1026.632175768308,,,21.52884621920908,75,1,2,1,1,1,1,0.525234914722094,0,0,0,0,,0,0
Zhenningbuyizuandmiaozu,2012,0.4654611314787256,1027.541736819796,,,5.147267131763767,83,1,2,1,1,1,1,0.5408999284938268,0,0,0,0,197.55955839628123,0,0
Ziyunmiaozuandbuyizu,2012,0.4751082137718157,970.1393993965686,,,1.5019892158423918,87,1,2,0,0,0,0,0.5123081879161675,0,0,0,0,144.73684210526315,0,0
Dafang,2012,0.4866702311650817,951.7912630706352,,,18.02780994513717,9,1,2,0,0,1,0,0.5800633145247991,1,0,1,0,271.42857142857144,1,0
Hezhang,2012,0.4928073748217381,823.6458007346577,,,5.124168693188555,20,1,2,0,0,1,0,0.5611909950923055,1,0,1,0,191.0631741140216,0,0
Jinsha,2012,0.5049717064411301,967.9080878196262,,,1.431018253961164,29,1,2,0,0,0,0,0.5583334568729623,0,0,0,0,225.4746835443038,1,0
Nayong,2012,0.4418520023471737,946.0363369201316,,,6.898442444125343,41,1,2,1,1,1,1,0.5774449727943816,1,1,1,1,298.202614379085,1,1
Qixingguan,2012,0.4850184054800837,923.1425379714092,,,9.75842044134727,50,1,2,1,1,1,1,0.5875250232843955,1,1,1,1,363.4232121922626,1,1
Qianxi,2012,0.4745923480380733,956.1691276617972,,,9.388543507179223,47,1,2,0,0,1,0,0.5534201653145214,0,0,0,0,313.35683509596555,1,0
Weiningyizuhuizumiaozu,2012,0.4982886148518344,739.3703844059874,,,34.22099558416516,66,1,2,1,1,1,1,0.5344928769891708,0,0,1,1,165.18424396442185,0,0
Zhijin,2012,0.4626590153144773,996.2458252046712,,,3.332235401204219,85,1,2,1,1,1,1,0.5783823981431635,1,1,1,1,313.8075313807531,1,1
Guanshanhu,2012,0.4777648274599688,942.992861191658,,,0.8585294211551363,18,1,2,1,1,0,0,0.5158036167351097,0,0,0,0,,0,0
Huaxi,2012,0.4880658602069236,984.1238713552656,,,12.60055417198841,23,1,2,1,1,1,1,0.5290395919891179,0,0,0,0,,0,0
Kaiyang,2012,0.5184699413489734,934.8740966603648,,,0.3329483995264734,31,1,2,0,0,0,0,0.5602290902981428,0,0,0,0,207.30503455083908,0,0
Nanming,2012,0.490082421489132,947.5470597493484,,,2.23661764027848,40,1,2,1,1,0,0,0.5545337407400402,0,0,0,0,,0,0
Qingzhen,2012,0.4798892095426832,938.2892970143284,,,3.4670192448949595,49,1,2,1,1,1,1,0.511695280829848,0,0,0,0,335.1206434316354,1,1
Wudang,2012,0.565027380952381,940.4819918911772,,,0.1097375193295826,69,1,2,1,1,0,0,0.5798244588744589,1,1,0,0,,0,0
Xifeng,2012,0.5487807449494949,912.5182940749248,,,0.3608225055137449,70,1,2,0,0,0,0,0.5541319318181818,0,0,0,0,231.43683702989392,1,0
Xiuwen,2012,0.489679081632653,911.6644653194152,,,0.2790995482418099,74,1,2,1,1,0,0,0.531109199134199,0,0,0,0,270.7749766573296,1,1
Yunyan,2012,0.4794452779696133,919.3469296410196,,,1.6371877072739325,78,1,2,1,1,0,0,0.536317225627302,0,0,0,0,,0,0
Baiyun,2012,0.5239758333333333,940.1841880350254,,,0.463004993191103,1,1,2,1,1,0,0,0.53054625,0,0,0,0,,0,0
Bozhou,2012,0.5214551994299722,970.0424995898544,,,0.3291591893929039,3,1,2,0,0,0,0,0.56792391370366,1,0,0,0,,0,0
Chishui,2012,0.0,1134.1468585087991,,,0.0,7,1,2,0,0,0,0,0.0,0,0,0,0,161.02165463631317,0,0
Daozhengelaozumiaozu,2012,0.5325171042572449,1125.5530708422814,,,0.362037708402099,11,1,2,0,0,0,0,0.5922148730712615,1,0,0,0,148.4230055658627,0,0
Fenggang,2012,0.50308125,1002.4461482833082,,,0.0132555880100867,15,1,2,0,0,0,0,0.5404666666666667,0,0,0,0,207.11630377057887,0,0
Huichuan,2012,0.4834472222222223,994.0792974583908,,,0.0657557984365592,24,1,2,0,0,0,0,0.5739479166666668,1,0,0,0,,0,0
Meitan,2012,0.4932755747126437,1001.2856322443736,,,0.1738245866094767,39,1,2,0,0,0,0,0.5481515151515151,0,0,0,0,249.32249322493223,1,0
Renhuai,2012,0.527525092401377,999.1002114296334,,,0.845914833623062,51,1,2,1,1,0,0,0.583264056773052,1,1,0,0,313.19910514541385,1,1
Suiyang,2012,0.5134545421318447,1055.503157674663,,,0.499793049936647,60,1,2,0,0,0,0,0.5427392643540669,0,0,0,0,190.95869056897897,0,0
Tongzi,2012,0.5042615334843092,1065.7148274105111,,,0.4280443029668578,63,1,2,0,0,0,0,0.5655951256335598,1,0,0,0,196.875,0,0
Wuchuangelaozumiaozu,2012,0.4865977828730382,1161.6693723554306,,,0.3173505550547649,68,1,2,0,0,0,0,0.5624551943543592,1,0,0,0,147.85430941218897,0,0
Xishui,2012,0.5680079301075269,1042.5957543903598,,,0.1542982328473391,73,1,2,0,0,0,0,0.5727101967253176,1,0,0,0,207.80051150895144,0,0
Yuqing,2012,0.5034070496555374,928.4924595487596,,,0.1213940636677859,80,1,2,0,0,0,0,0.5535511393909587,0,0,0,0,172.5200246457178,0,0
Zhengan,2012,0.5406946143760887,1150.8498720541136,,,0.5374867708657205,82,1,2,0,0,0,0,0.5777959473460957,1,0,0,0,219.65317919075144,0,0
Honghuagang,2012,0.0,968.8512148045888,,,0.0,21,1,2,0,0,0,0,0.0,0,0,0,0,,0,0
Bijiang,2012,0.5384397058823531,934.2065147157296,,,0.1752654670805311,2,1,2,0,0,0,0,0.5371727829768272,0,0,0,0,231.17569352708057,1,0
Dejiang,2012,0.4871841346851234,1023.1652713642104,,,0.282678600620447,12,1,2,0,0,0,0,0.5511258566690383,0,0,0,0,217.1814671814672,0,0
Jiangkou,2012,0.0,900.1554930821911,,,0.0,26,1,2,0,0,0,0,0.0,0,0,0,0,117.6470588235294,0,0
Shiqian,2012,0.5649270833333333,883.0781324349698,,,0.0203202837975991,56,1,2,0,0,0,0,0.5306109375,0,0,0,0,174.95395948434623,0,0
Sinan,2012,0.5112154761904762,898.9995387101966,,,0.0477461813002081,58,1,2,0,0,0,0,0.5319536904761905,0,0,0,0,246.52622142536976,1,0
Songtaomiaozu,2012,0.5220724955623892,1008.9181967414048,,,0.106202726155739,59,1,2,0,0,0,0,0.5385140032762183,0,0,0,0,223.698007689619,0,0
Wanshan,2012,0.5167822916666667,917.4452616279824,,,0.0593635528737197,65,1,2,0,0,0,0,0.5727885416666667,1,0,0,0,,0,0
Yanhetujiazu,2012,0.5138360401621445,1065.6308750728756,,,0.8710159395916927,76,1,2,0,0,0,0,0.5491390832526125,0,0,0,0,222.7622519238558,0,0
Yinjiangtujiazuandmiaozu,2012,0.554995238095238,923.2507017644886,,,0.0253834013459175,77,1,2,0,0,0,0,0.5717520833333334,1,0,0,0,209.0770015298317,0,0
Yupingdongzu,2012,0.5250844223484848,830.9270695665369,,,0.1911698281533182,79,1,2,0,0,0,0,0.5162242187499999,0,0,0,0,271.3178294573643,1,0
Cengong,2012,0.0,831.1652560801871,,,0.0,5,1,2,0,0,0,0,0.0,0,0,0,0,141.22394082044386,0,0
Congjiang,2012,0.5253896357603551,1026.1978648175905,,,0.0677082795905818,8,1,2,1,1,0,0,0.5535379963091378,0,0,0,0,92.47842170160295,0,0
Danzhai,2012,0.4965734296852015,1004.380324527765,,,1.3763281930347002,10,1,2,1,1,0,0,0.5484241762283024,0,0,0,0,159.9147121535181,0,0
Huangping,2012,0.5200883361556231,919.1100585923004,,,1.1529161098511465,22,1,2,0,0,0,0,0.5331299919251149,0,0,0,0,197.84172661870505,0,0
Jianhe,2012,0.4659395833333333,834.2507409585426,,,0.0114101617558225,27,1,2,0,0,0,0,0.5425614583333334,0,0,0,0,98.03921568627452,0,0
Jinping,2012,0.543396155299989,997.378319085244,,,0.6768634021617014,28,1,2,0,0,0,0,0.5588215797942088,0,0,0,0,131.49655604257984,0,0
Kaili,2012,0.5206199779541446,964.5297646527688,,,0.1295503872491013,30,1,2,0,0,0,0,0.5500083109267275,0,0,0,0,329.24961715160794,1,0
Leishan,2012,0.0,985.5408746628405,,,0.0,32,1,2,1,1,0,0,0.0,0,0,0,0,114.84823625922888,0,0
Liping,2012,0.5412987380549109,1034.6333344640948,,,0.0699572414605866,34,1,2,0,0,0,0,0.5486270520983627,0,0,0,0,108.08376491781132,0,0
Majiang,2012,0.5269147163120568,1011.1645693773768,,,0.2342795368308867,38,1,2,1,1,0,0,0.5583096631205673,0,0,0,0,174.85428809325563,0,0
Rongjiang,2012,0.4996621468926555,931.153104611928,,,0.1059165205740615,52,1,2,1,1,0,0,0.5657995762711865,1,1,0,0,96.50180940892642,0,0
Sansui,2012,0.43243125,789.400145912114,,,0.024231712184275,54,1,2,0,0,0,0,0.5029312499999999,0,0,0,0,193.05019305019303,0,0
Shibing,2012,0.5627816287878789,864.5905718556264,,,0.1800570020027731,55,1,2,0,0,0,0,0.5526907024793388,0,0,0,0,97.15025906735752,0,0
Taijiang,2012,0.0,863.9941961174604,,,0.0,61,1,2,0,0,0,0,0.0,0,0,0,0,132.66998341625208,0,0
Tianzhu,2012,0.5253058047361027,932.2115701865662,,,1.2004976853149187,62,1,2,0,0,0,0,0.544185879490267,0,0,0,0,172.64879600181737,0,0
Zhenyuan,2012,0.5287124999999999,818.4931062602101,,,0.0132085821597119,84,1,2,0,0,0,0,0.5126375,0,0,0,0,127.79552715654953,0,0
Duyun,2012,0.5049305420131922,973.738730055471,,,0.7528896069997555,14,1,2,1,1,0,0,0.5303353348150271,0,0,0,0,202.2867194371152,0,0
Dushan,2012,0.4840706416560957,959.2036520624472,,,2.268073886546551,13,1,2,1,1,0,0,0.5094219291331896,0,0,0,0,139.05930470347647,0,0
Fuquan,2012,0.4853454866679611,965.1429657686044,,,1.9000415442423029,16,1,2,1,1,0,0,0.5462666155513287,0,0,0,0,177.72511848341233,0,0
Guiding,2012,0.4887503200013058,981.8911274193724,,,1.9846145338437,19,1,2,1,1,0,0,0.5430811791514438,0,0,0,0,165.64417177914112,0,0
Huishui,2012,0.4948202177277129,930.8273717931056,,,3.2161450122685062,25,1,2,1,1,1,1,0.5055148811268686,0,0,0,0,165.9919028340081,0,0
Libo,2012,0.5748560363495747,1023.9861434299738,,,0.3420179137960863,33,1,2,1,1,0,0,0.5719060132083291,1,1,0,0,67.34006734006734,0,0
Longli,2012,0.5177822807748975,992.135570494774,,,1.561627333953895,36,1,2,1,1,0,0,0.5547468480049857,0,0,0,0,131.49243918474687,0,0
Luodian,2012,0.5117252140373287,950.7569681072272,,,1.42830075791035,37,1,2,1,1,0,0,0.5307700492502923,0,0,0,0,99.56853634251576,0,0
Pingtang,2012,0.5016363414684414,939.2075892332714,,,1.3923893833101004,44,1,2,1,1,0,0,0.5362436109471612,0,0,0,0,102.65486725663716,0,0
Sandushuizu,2012,0.5266985642135645,969.270125333096,,,0.9778627380074192,53,1,2,1,1,0,0,0.5512158499278494,0,0,0,0,130.25210084033614,0,0
Wengan,2012,0.5032238358543076,963.9833423224336,,,0.2552088108325727,67,1,2,0,0,0,0,0.539987715397837,0,0,0,0,217.83181357649443,0,0
Changshun,2012,0.5084144438488187,973.0338352099848,,,5.319764488672762,6,1,2,1,1,1,1,0.5236346270032257,0,0,0,0,152.96367112810708,0,0
Anlong,2012,0.4355623368612185,1028.5128287986518,,,6.702513152252508,0,1,2,0,0,1,0,0.5134174397601035,0,0,0,0,183.1992850759607,0,0
Ceheng,2012,0.5296579165548411,1035.8839590997325,,,0.6167886361640534,4,1,2,0,0,0,0,0.5879226776802501,1,0,0,0,80.83140877598153,0,0
Puan,2012,0.3953225122038201,1031.3768196391227,,,2.889410324973587,45,1,2,1,1,0,0,0.5096022971664728,0,0,1,1,195.9412176347096,0,0
Qinglong,2012,0.4500801966865406,1038.7739202938435,,,4.400841459366841,48,1,2,1,1,1,1,0.5392488402548564,0,0,0,0,202.854996243426,0,0
Wangmo,2012,0.5394299738931556,978.6623555461592,,,1.847908153841667,64,1,2,1,1,0,0,0.5647911365155242,1,1,0,0,89.82035928143712,0,0
Xingren,2012,0.4195189197899605,1020.4227926259327,,,6.603030601557847,71,1,2,0,0,1,0,0.5088626326884613,0,0,0,0,,0,0
Xingyi,2012,0.435885663087608,1088.9506261541076,,,4.785560651562789,72,1,2,0,0,1,0,0.5201113934149545,0,0,0,0,243.90243902439025,1,0
Zhenfeng,2012,0.4691015110299664,1018.9162753881736,,,10.521882137488532,81,1,2,0,0,1,0,0.5193393179289864,0,0,0,0,225.01654533421572,1,0
