county_name,city_name,year,pop_total,pop_agri,treated,post,ndvi_mean,precip,temp,urban_core,pop_density,births,deaths,pop_total_persons,pop_change,natural_growth,net_migration,net_migration_per_1000,births_source,deaths_source
七星关区,毕节市,2008,139.0,0.0,,0,,,,True,3412.0,18070.0,6950.0,1390000.0,,,,,real,real
七星关区,毕节市,2009,142.0,0.0,,0,,,,True,3412.0,18460.0,7100.0,1420000.0,30000.0,11120.0,18880.0,18.88,real,real
七星关区,毕节市,2010,148.0,0.0,,1,,,,True,3411.0,19240.0,7400.0,1480000.0,60000.0,11360.0,48640.0,48.64,real,real
七星关区,毕节市,2011,151.0,0.0,,1,,,,True,3412.0,19630.0,7550.0,1510000.0,30000.0,11840.0,18160.0,18.16,real,real
七星关区,毕节市,2012,153.0,0.0,,1,,,,True,3412.0,19890.0,7650.0,1530000.0,20000.0,12080.0,7920.0,7.92,real,real
万山区,铜仁市,2008,,0.0,,0,,,,True,,,,,,12240.0,,,estimated,estimated
万山区,铜仁市,2009,,0.0,,0,,,,True,,,,,,,,,estimated,estimated
万山区,铜仁市,2010,,0.0,,1,,,,True,,,,,,,,,estimated,estimated
万山区,铜仁市,2011,7.0,0.0,,1,,,,True,340.0,910.0,350.0,70000.0,,,,,real,real
万山区,铜仁市,2012,15.0,0.0,,1,,,,True,840.0,1950.0,750.0,150000.0,80000.0,560.0,79440.0,79.44,real,real
三穗县,黔东南苗族侗族自治州,2008,22.0,19.3,,0,,,,False,1036.0,2860.0,1100.0,220000.0,,1200.0,,,real,real
三穗县,黔东南苗族侗族自治州,2009,22.0,20.0,,0,,,,False,1036.0,2860.0,1100.0,220000.0,0.0,1760.0,-1760.0,-1.76,real,real
三穗县,黔东南苗族侗族自治州,2010,22.0,20.0,,1,,,,False,1030.0,2860.0,1100.0,220000.0,0.0,1760.0,-1760.0,-1.76,real,real
三穗县,黔东南苗族侗族自治州,2011,22.0,19.7,,1,,,,False,1036.0,2860.0,1100.0,220000.0,0.0,1760.0,-1760.0,-1.76,real,real
三穗县,黔东南苗族侗族自治州,2012,22.0,20.0,,1,,,,False,1036.0,2860.0,1100.0,220000.0,0.0,1760.0,-1760.0,-1.76,real,real
三都水族自治县,黔南布依族苗族自治州,2008,34.0,32.2,,0,,,,False,2400.0,4420.0,1700.0,340000.0,,1760.0,,,real,real
三都水族自治县,黔南布依族苗族自治州,2009,34.0,33.0,,0,,,,False,2400.0,4420.0,1700.0,340000.0,0.0,2720.0,-2720.0,-2.72,real,real
三都水族自治县,黔南布依族苗族自治州,2010,36.0,33.0,,1,,,,False,2376.0,4680.0,1800.0,360000.0,20000.0,2720.0,17280.0,17.28,real,real
三都水族自治县,黔南布依族苗族自治州,2011,36.0,33.7,,1,,,,False,2400.0,4680.0,1800.0,360000.0,0.0,2880.0,-2880.0,-2.88,real,real
三都水族自治县,黔南布依族苗族自治州,2012,36.0,35.0,,1,,,,False,2400.0,4680.0,1800.0,360000.0,0.0,2880.0,-2880.0,-2.88,real,real
丹寨县,黔东南苗族侗族自治州,2008,16.0,15.5,,0,,,,False,940.0,2080.0,800.0,160000.0,,2880.0,,,real,real
丹寨县,黔东南苗族侗族自治州,2009,16.0,16.0,,0,,,,False,938.0,2080.0,800.0,160000.0,0.0,1280.0,-1280.0,-1.28,real,real
丹寨县,黔东南苗族侗族自治州,2010,17.0,16.0,,1,,,,False,942.0,2210.0,850.0,170000.0,10000.0,1280.0,8720.0,8.72,real,real
丹寨县,黔东南苗族侗族自治州,2011,17.0,15.2,,1,,,,False,938.0,2210.0,850.0,170000.0,0.0,1360.0,-1360.0,-1.36,real,real
丹寨县,黔东南苗族侗族自治州,2012,17.0,15.0,,1,,,,False,938.0,2210.0,850.0,170000.0,0.0,1360.0,-1360.0,-1.36,real,real
乌当区,贵阳市,2008,35.0,0.0,,0,,,,True,,4550.0,1750.0,350000.0,,1360.0,,,real,real
乌当区,贵阳市,2009,36.0,0.0,,0,,,,True,,4680.0,1800.0,360000.0,10000.0,2800.0,7200.0,7.2,real,real
乌当区,贵阳市,2010,38.0,0.0,,1,,,,True,,4940.0,1900.0,380000.0,20000.0,2880.0,17120.0,17.12,real,real
乌当区,贵阳市,2011,39.0,0.0,,1,,,,True,,5070.0,1950.0,390000.0,10000.0,3040.0,6960.0,6.96,real,real
乌当区,贵阳市,2012,42.0,0.0,,1,,,,True,,5460.0,2100.0,420000.0,30000.0,3120.0,26880.0,26.88,real,real
习水县,遵义市,2008,68.0,61.7,,0,,,,False,3128.0,8840.0,3400.0,680000.0,,3360.0,,,real,real
习水县,遵义市,2009,69.0,62.0,,0,,,,False,3128.0,8970.0,3450.0,690000.0,10000.0,5440.0,4560.0,4.56,real,real
习水县,遵义市,2010,71.0,65.0,,1,,,,False,3074.0,9230.0,3550.0,710000.0,20000.0,5520.0,14480.0,14.48,real,real
习水县,遵义市,2011,72.0,65.5,,1,,,,False,3128.0,9360.0,3600.0,720000.0,10000.0,5680.0,4320.0,4.32,real,real
习水县,遵义市,2012,72.0,65.0,,1,,,,False,3128.0,9360.0,3600.0,720000.0,0.0,5760.0,-5760.0,-5.76,real,real
云岩区,贵阳市,2008,88.0,0.0,,0,,,,True,,11440.0,4400.0,880000.0,,5760.0,,,real,real
云岩区,贵阳市,2009,92.0,0.0,,0,,,,True,,11960.0,4600.0,920000.0,40000.0,7040.0,32960.0,32.96,real,real
云岩区,贵阳市,2010,96.0,0.0,,1,,,,True,,12480.0,4800.0,960000.0,40000.0,7360.0,32640.0,32.64,real,real
云岩区,贵阳市,2011,98.0,0.0,,1,,,,True,,12740.0,4900.0,980000.0,20000.0,7680.0,12320.0,12.32,real,real
云岩区,贵阳市,2012,98.0,0.0,,1,,,,True,,12740.0,4900.0,980000.0,0.0,7840.0,-7840.0,-7.84,real,real
仁怀市,遵义市,2008,64.0,55.4,,0,,,,False,1788.0,8320.0,3200.0,640000.0,,7840.0,,,real,real
仁怀市,遵义市,2009,65.0,56.0,,0,,,,False,1788.0,8450.0,3250.0,650000.0,10000.0,5120.0,4880.0,4.88,real,real
仁怀市,遵义市,2010,66.0,57.0,,1,,,,False,1790.0,8580.0,3300.0,660000.0,10000.0,5200.0,4800.0,4.8,real,real
仁怀市,遵义市,2011,67.0,57.1,,1,,,,False,1788.0,8710.0,3350.0,670000.0,10000.0,5280.0,4720.0,4.72,real,real
仁怀市,遵义市,2012,68.0,59.0,,1,,,,False,1788.0,8840.0,3400.0,680000.0,10000.0,5360.0,4640.0,4.64,real,real
从江县,黔东南苗族侗族自治州,2008,33.0,31.1,,0,,,,False,3244.0,4290.0,1650.0,330000.0,,5440.0,,,real,real
从江县,黔东南苗族侗族自治州,2009,33.0,32.0,,0,,,,False,3244.0,4290.0,1650.0,330000.0,0.0,2640.0,-2640.0,-2.64,real,real
从江县,黔东南苗族侗族自治州,2010,34.0,32.0,,1,,,,False,3225.0,4420.0,1700.0,340000.0,10000.0,2640.0,7360.0,7.36,real,real
从江县,黔东南苗族侗族自治州,2011,34.0,32.0,,1,,,,False,3244.0,4420.0,1700.0,340000.0,0.0,2720.0,-2720.0,-2.72,real,real
从江县,黔东南苗族侗族自治州,2012,35.0,32.0,,1,,,,False,3244.0,4550.0,1750.0,350000.0,10000.0,2720.0,7280.0,7.28,real,real
余庆县,遵义市,2008,29.0,27.1,,0,,,,False,1623.0,3770.0,1450.0,290000.0,,2800.0,,,real,real
余庆县,遵义市,2009,30.0,27.0,,0,,,,False,1623.0,3900.0,1500.0,300000.0,10000.0,2320.0,7680.0,7.68,real,real
余庆县,遵义市,2010,30.0,26.0,,1,,,,False,1622.0,3900.0,1500.0,300000.0,0.0,2400.0,-2400.0,-2.4,real,real
余庆县,遵义市,2011,30.0,28.0,,1,,,,False,1622.0,3900.0,1500.0,300000.0,0.0,2400.0,-2400.0,-2.4,real,real
余庆县,遵义市,2012,30.0,28.0,,1,,,,False,1622.0,3900.0,1500.0,300000.0,0.0,2400.0,-2400.0,-2.4,real,real
修文县,贵阳市,2008,28.0,26.3,,0,,,,False,1076.0,3640.0,1400.0,280000.0,,2400.0,,,real,real
修文县,贵阳市,2009,30.0,27.0,,0,,,,False,1076.0,3900.0,1500.0,300000.0,20000.0,2240.0,17760.0,17.76,real,real
修文县,贵阳市,2010,31.0,27.0,,1,,,,False,1072.0,4030.0,1550.0,310000.0,10000.0,2400.0,7600.0,7.6,real,real
修文县,贵阳市,2011,31.0,26.3,,1,,,,False,1072.0,4030.0,1550.0,310000.0,0.0,2480.0,-2480.0,-2.48,real,real
修文县,贵阳市,2012,31.0,27.0,,1,,,,False,1072.0,4030.0,1550.0,310000.0,0.0,2480.0,-2480.0,-2.48,real,real
六枝特区,六盘水市,2008,61.0,53.8,,0,,,,False,1792.0,7930.0,3050.0,610000.0,,2480.0,,,real,real
六枝特区,六盘水市,2009,66.0,54.0,,0,,,,False,1792.0,8580.0,3300.0,660000.0,50000.0,4880.0,45120.0,45.12,real,real
六枝特区,六盘水市,2010,68.0,56.0,,1,,,,False,1800.0,8840.0,3400.0,680000.0,20000.0,5280.0,14720.0,14.72,real,real
六枝特区,六盘水市,2011,70.0,56.0,,1,,,,False,1793.0,9100.0,3500.0,700000.0,20000.0,5440.0,14560.0,14.56,real,real
六枝特区,六盘水市,2012,70.0,57.0,,1,,,,False,1793.0,9100.0,3500.0,700000.0,0.0,5600.0,-5600.0,-5.6,real,real
关岭布依族苗族自治县,安顺市,2008,35.0,32.0,,0,,,,False,1466.0,4550.0,1750.0,350000.0,,5600.0,,,real,real
关岭布依族苗族自治县,安顺市,2009,35.0,33.0,,0,,,,False,1468.0,4550.0,1750.0,350000.0,0.0,2800.0,-2800.0,-2.8,real,real
关岭布依族苗族自治县,安顺市,2010,37.0,33.0,,1,,,,False,1464.0,4810.0,1850.0,370000.0,20000.0,2800.0,17200.0,17.2,real,real
关岭布依族苗族自治县,安顺市,2011,37.0,34.0,,1,,,,False,1468.0,4810.0,1850.0,370000.0,0.0,2960.0,-2960.0,-2.96,real,real
关岭布依族苗族自治县,安顺市,2012,38.0,35.0,,1,,,,False,1468.0,4940.0,1900.0,380000.0,10000.0,2960.0,7040.0,7.04,real,real
兴义市,黔西南布依族苗族自治州,2008,77.0,0.0,,0,,,,True,2911.0,10010.0,3850.0,770000.0,,3040.0,,,real,real
兴义市,黔西南布依族苗族自治州,2009,81.0,0.0,,0,,,,True,2911.0,10530.0,4050.0,810000.0,40000.0,6160.0,33840.0,33.84,real,real
兴义市,黔西南布依族苗族自治州,2010,81.0,0.0,,1,,,,True,2908.0,10530.0,4050.0,810000.0,0.0,6480.0,-6480.0,-6.48,real,real
兴义市,黔西南布依族苗族自治州,2011,82.0,0.0,,1,,,,True,2937.0,10660.0,4100.0,820000.0,10000.0,6480.0,3520.0,3.52,real,real
兴义市,黔西南布依族苗族自治州,2012,83.0,0.0,,1,,,,True,2908.0,10790.0,4150.0,830000.0,10000.0,6560.0,3440.0,3.44,real,real
兴仁市,黔西南布依族苗族自治州,2008,49.0,44.3,,0,,,,False,1785.0,6370.0,2450.0,490000.0,,6640.0,,,real,real
兴仁市,黔西南布依族苗族自治州,2009,49.0,41.0,,0,,,,False,1785.0,6370.0,2450.0,490000.0,0.0,3920.0,-3920.0,-3.92,real,real
兴仁市,黔西南布依族苗族自治州,2010,53.0,41.0,,1,,,,False,1778.0,6890.0,2650.0,530000.0,40000.0,3920.0,36080.0,36.08,real,real
兴仁市,黔西南布依族苗族自治州,2011,53.0,41.3,,1,,,,False,1778.0,6890.0,2650.0,530000.0,0.0,4240.0,-4240.0,-4.24,real,real
兴仁市,黔西南布依族苗族自治州,2012,54.0,42.0,,1,,,,False,1778.0,7020.0,2700.0,540000.0,10000.0,4240.0,5760.0,5.76,real,real
册亨县,黔西南布依族苗族自治州,2008,23.0,21.8,,0,,,,False,2597.0,2990.0,1150.0,230000.0,,4320.0,,,real,real
册亨县,黔西南布依族苗族自治州,2009,23.0,22.0,,0,,,,False,2598.0,2990.0,1150.0,230000.0,0.0,1840.0,-1840.0,-1.84,real,real
册亨县,黔西南布依族苗族自治州,2010,24.0,23.0,,1,,,,False,2597.0,3120.0,1200.0,240000.0,10000.0,1840.0,8160.0,8.16,real,real
册亨县,黔西南布依族苗族自治州,2011,24.0,22.8,,1,,,,False,2598.0,3120.0,1200.0,240000.0,0.0,1920.0,-1920.0,-1.92,real,real
册亨县,黔西南布依族苗族自治州,2012,24.0,23.0,,1,,,,False,2598.0,3120.0,1200.0,240000.0,0.0,1920.0,-1920.0,-1.92,real,real
凤冈县,遵义市,2008,42.0,38.6,,0,,,,False,1883.0,5460.0,2100.0,420000.0,,1920.0,,,real,real
凤冈县,遵义市,2009,43.0,39.0,,0,,,,False,1883.0,5590.0,2150.0,430000.0,10000.0,3360.0,6640.0,6.64,real,real
凤冈县,遵义市,2010,43.0,39.0,,1,,,,False,1885.0,5590.0,2150.0,430000.0,0.0,3440.0,-3440.0,-3.44,real,real
凤冈县,遵义市,2011,44.0,39.6,,1,,,,False,1883.0,5720.0,2200.0,440000.0,10000.0,3440.0,6560.0,6.56,real,real
凤冈县,遵义市,2012,43.0,40.0,,1,,,,False,1885.0,5590.0,2150.0,430000.0,-10000.0,3520.0,-13520.0,-13.52,real,real
凯里市,黔东南苗族侗族自治州,2008,48.0,0.0,,0,,,,True,1306.0,6240.0,2400.0,480000.0,,3440.0,,,real,real
凯里市,黔东南苗族侗族自治州,2009,49.0,0.0,,0,,,,True,1306.0,6370.0,2450.0,490000.0,10000.0,3840.0,6160.0,6.16,real,real
凯里市,黔东南苗族侗族自治州,2010,49.0,0.0,,1,,,,True,1304.0,6370.0,2450.0,490000.0,0.0,3920.0,-3920.0,-3.92,real,real
凯里市,黔东南苗族侗族自治州,2011,50.0,0.0,,1,,,,True,1306.0,6500.0,2500.0,500000.0,10000.0,3920.0,6080.0,6.08,real,real
凯里市,黔东南苗族侗族自治州,2012,50.0,0.0,,1,,,,True,1306.0,6500.0,2500.0,500000.0,0.0,4000.0,-4000.0,-4.0,real,real
剑河县,黔东南苗族侗族自治州,2008,25.0,22.9,,0,,,,False,2176.0,3250.0,1250.0,250000.0,,4000.0,,,real,real
剑河县,黔东南苗族侗族自治州,2009,22.0,19.0,,0,,,,False,2176.0,2860.0,1100.0,220000.0,-30000.0,2000.0,-32000.0,-32.0,real,real
剑河县,黔东南苗族侗族自治州,2010,25.0,23.0,,1,,,,False,2180.0,3250.0,1250.0,250000.0,30000.0,1760.0,28240.0,28.24,real,real
剑河县,黔东南苗族侗族自治州,2011,26.0,23.6,,1,,,,False,2180.0,3380.0,1300.0,260000.0,10000.0,2000.0,8000.0,8.0,real,real
剑河县,黔东南苗族侗族自治州,2012,26.0,24.0,,1,,,,False,2176.0,3380.0,1300.0,260000.0,0.0,2080.0,-2080.0,-2.08,real,real
务川仡佬族苗族自治县,遵义市,2008,44.0,40.9,,0,,,,False,2777.0,5720.0,2200.0,440000.0,,2080.0,,,real,real
务川仡佬族苗族自治县,遵义市,2009,44.0,41.0,,0,,,,False,2777.0,5720.0,2200.0,440000.0,0.0,3520.0,-3520.0,-3.52,real,real
务川仡佬族苗族自治县,遵义市,2010,45.0,41.0,,1,,,,False,2775.0,5850.0,2250.0,450000.0,10000.0,3520.0,6480.0,6.48,real,real
务川仡佬族苗族自治县,遵义市,2011,46.0,41.7,,1,,,,False,2777.0,5980.0,2300.0,460000.0,10000.0,3600.0,6400.0,6.4,real,real
务川仡佬族苗族自治县,遵义市,2012,45.0,43.0,,1,,,,False,2777.0,5850.0,2250.0,450000.0,-10000.0,3680.0,-13680.0,-13.68,real,real
南明区,贵阳市,2008,76.0,0.0,,0,,,,True,,9880.0,3800.0,760000.0,,3600.0,,,real,real
南明区,贵阳市,2009,81.0,0.0,,0,,,,True,,10530.0,4050.0,810000.0,50000.0,6080.0,43920.0,43.92,real,real
南明区,贵阳市,2010,83.0,0.0,,1,,,,True,,10790.0,4150.0,830000.0,20000.0,6480.0,13520.0,13.52,real,real
南明区,贵阳市,2011,84.0,0.0,,1,,,,True,,10920.0,4200.0,840000.0,10000.0,6640.0,3360.0,3.36,real,real
南明区,贵阳市,2012,85.0,0.0,,1,,,,True,,11050.0,4250.0,850000.0,10000.0,6720.0,3280.0,3.28,real,real
印江土家族苗族自治县,铜仁市,2008,42.0,39.5,,0,,,,False,1961.0,5460.0,2100.0,420000.0,,6800.0,,,real,real
印江土家族苗族自治县,铜仁市,2009,43.0,40.0,,0,,,,False,1961.0,5590.0,2150.0,430000.0,10000.0,3360.0,6640.0,6.64,real,real
印江土家族苗族自治县,铜仁市,2010,43.0,40.0,,1,,,,False,1968.0,5590.0,2150.0,430000.0,0.0,3440.0,-3440.0,-3.44,real,real
印江土家族苗族自治县,铜仁市,2011,44.0,40.4,,1,,,,False,1968.0,5720.0,2200.0,440000.0,10000.0,3440.0,6560.0,6.56,real,real
印江土家族苗族自治县,铜仁市,2012,44.0,41.0,,1,,,,False,1961.0,5720.0,2200.0,440000.0,0.0,3520.0,-3520.0,-3.52,real,real
台江县,黔东南苗族侗族自治州,2008,15.0,13.0,,0,,,,False,1108.0,1950.0,750.0,150000.0,,3520.0,,,real,real
台江县,黔东南苗族侗族自治州,2009,15.0,13.0,,0,,,,False,1108.0,1950.0,750.0,150000.0,0.0,1200.0,-1200.0,-1.2,real,real
台江县,黔东南苗族侗族自治州,2010,16.0,15.0,,1,,,,False,1078.0,2080.0,800.0,160000.0,10000.0,1200.0,8800.0,8.8,real,real
台江县,黔东南苗族侗族自治州,2011,16.0,15.3,,1,,,,False,1108.0,2080.0,800.0,160000.0,0.0,1280.0,-1280.0,-1.28,real,real
台江县,黔东南苗族侗族自治州,2012,16.0,16.0,,1,,,,False,1108.0,2080.0,800.0,160000.0,0.0,1280.0,-1280.0,-1.28,real,real
大方县,毕节市,2008,103.0,91.3,,0,,,,False,3505.0,13390.0,5150.0,1030000.0,,1280.0,,,real,real
大方县,毕节市,2009,100.0,80.0,,0,,,,False,3228.0,13000.0,5000.0,1000000.0,-30000.0,8240.0,-38240.0,-38.24,real,real
大方县,毕节市,2010,103.0,87.0,,1,,,,False,3500.0,13390.0,5150.0,1030000.0,30000.0,8000.0,22000.0,22.0,real,real
大方县,毕节市,2011,104.0,88.5,,1,,,,False,3505.0,13520.0,5200.0,1040000.0,10000.0,8240.0,1760.0,1.76,real,real
大方县,毕节市,2012,110.0,85.0,,1,,,,False,3503.0,14300.0,5500.0,1100000.0,60000.0,8320.0,51680.0,51.68,real,real
天柱县,黔东南苗族侗族自治州,2008,40.0,36.1,,0,,,,False,2001.0,5200.0,2000.0,400000.0,,8800.0,,,real,real
天柱县,黔东南苗族侗族自治州,2009,40.0,36.0,,0,,,,False,2001.0,5200.0,2000.0,400000.0,0.0,3200.0,-3200.0,-3.2,real,real
天柱县,黔东南苗族侗族自治州,2010,40.0,36.0,,1,,,,False,2178.0,5200.0,2000.0,400000.0,0.0,3200.0,-3200.0,-3.2,real,real
天柱县,黔东南苗族侗族自治州,2011,41.0,36.0,,1,,,,False,2201.0,5330.0,2050.0,410000.0,10000.0,3200.0,6800.0,6.8,real,real
天柱县,黔东南苗族侗族自治州,2012,41.0,36.0,,1,,,,False,2201.0,5330.0,2050.0,410000.0,0.0,3280.0,-3280.0,-3.28,real,real
威宁彝族回族苗族自治县,毕节市,2008,126.0,110.1,,0,,,,False,6296.0,16380.0,6300.0,1260000.0,,3280.0,,,real,real
威宁彝族回族苗族自治县,毕节市,2009,132.0,114.0,,0,,,,False,6296.0,17160.0,6600.0,1320000.0,60000.0,10080.0,49920.0,49.92,real,real
威宁彝族回族苗族自治县,毕节市,2010,139.0,128.0,,1,,,,False,6299.0,18070.0,6950.0,1390000.0,70000.0,10560.0,59440.0,59.44,real,real
威宁彝族回族苗族自治县,毕节市,2011,143.0,129.2,,1,,,,False,6296.0,18590.0,7150.0,1430000.0,40000.0,11120.0,28880.0,28.88,real,real
威宁彝族回族苗族自治县,毕节市,2012,144.0,129.0,,1,,,,False,6299.0,18720.0,7200.0,1440000.0,10000.0,11440.0,-1440.0,-1.44,real,real
安龙县,黔西南布依族苗族自治州,2008,44.0,40.4,,0,,,,False,2238.0,5720.0,2200.0,440000.0,,11520.0,,,real,real
安龙县,黔西南布依族苗族自治州,2009,45.0,41.0,,0,,,,False,2238.0,5850.0,2250.0,450000.0,10000.0,3520.0,6480.0,6.48,real,real
安龙县,黔西南布依族苗族自治州,2010,46.0,41.0,,1,,,,False,2232.0,5980.0,2300.0,460000.0,10000.0,3600.0,6400.0,6.4,real,real
安龙县,黔西南布依族苗族自治州,2011,46.0,41.0,,1,,,,False,2237.0,5980.0,2300.0,460000.0,0.0,3680.0,-3680.0,-3.68,real,real
安龙县,黔西南布依族苗族自治州,2012,47.0,42.0,,1,,,,False,2237.0,6110.0,2350.0,470000.0,10000.0,3680.0,6320.0,6.32,real,real
小河区,贵阳市,2008,19.0,,,0,,,,False,,2470.0,950.0,190000.0,,3760.0,,,real,real
小河区,贵阳市,2009,22.0,,,0,,,,False,,2860.0,1100.0,220000.0,30000.0,1520.0,28480.0,28.48,real,real
小河区,贵阳市,2010,25.0,,,1,,,,False,,3250.0,1250.0,250000.0,30000.0,1760.0,28240.0,28.24,real,real
小河区,贵阳市,2011,26.0,,,1,,,,False,,3380.0,1300.0,260000.0,10000.0,2000.0,8000.0,8.0,real,real
小河区,贵阳市,2012,26.0,,,1,,,,False,,3380.0,1300.0,260000.0,0.0,2080.0,-2080.0,-2.08,real,real
岑巩县,黔东南苗族侗族自治州,2008,23.0,22.3,,0,,,,False,1487.0,2990.0,1150.0,230000.0,,2080.0,,,real,real
岑巩县,黔东南苗族侗族自治州,2009,23.0,21.0,,0,,,,False,1487.0,2990.0,1150.0,230000.0,0.0,1840.0,-1840.0,-1.84,real,real
岑巩县,黔东南苗族侗族自治州,2010,23.0,22.0,,1,,,,False,1490.0,2990.0,1150.0,230000.0,0.0,1840.0,-1840.0,-1.84,real,real
岑巩县,黔东南苗族侗族自治州,2011,23.0,21.8,,1,,,,False,1487.0,2990.0,1150.0,230000.0,0.0,1840.0,-1840.0,-1.84,real,real
岑巩县,黔东南苗族侗族自治州,2012,23.0,21.0,,1,,,,False,1487.0,2990.0,1150.0,230000.0,0.0,1840.0,-1840.0,-1.84,real,real
平坝区,安顺市,2008,34.0,29.0,,0,,,,False,999.0,4420.0,1700.0,340000.0,,1840.0,,,real,real
平坝区,安顺市,2009,35.0,29.0,,0,,,,False,999.0,4550.0,1750.0,350000.0,10000.0,2720.0,7280.0,7.28,real,real
平坝区,安顺市,2010,35.0,30.0,,1,,,,False,987.0,4550.0,1750.0,350000.0,0.0,2800.0,-2800.0,-2.8,real,real
平坝区,安顺市,2011,36.0,30.1,,1,,,,False,999.0,4680.0,1800.0,360000.0,10000.0,2800.0,7200.0,7.2,real,real
平坝区,安顺市,2012,36.0,30.0,,1,,,,False,999.0,4680.0,1800.0,360000.0,0.0,2880.0,-2880.0,-2.88,real,real
平塘县,黔南布依族苗族自治州,2008,32.0,30.1,,0,,,,False,2825.0,4160.0,1600.0,320000.0,,2880.0,,,real,real
平塘县,黔南布依族苗族自治州,2009,32.0,30.0,,0,,,,False,2825.0,4160.0,1600.0,320000.0,0.0,2560.0,-2560.0,-2.56,real,real
平塘县,黔南布依族苗族自治州,2010,32.0,30.0,,1,,,,False,2806.0,4160.0,1600.0,320000.0,0.0,2560.0,-2560.0,-2.56,real,real
平塘县,黔南布依族苗族自治州,2011,32.0,30.6,,1,,,,False,2825.0,4160.0,1600.0,320000.0,0.0,2560.0,-2560.0,-2.56,real,real
平塘县,黔南布依族苗族自治州,2012,32.0,31.0,,1,,,,False,2825.0,4160.0,1600.0,320000.0,0.0,2560.0,-2560.0,-2.56,real,real
开阳县,贵阳市,2008,43.0,36.1,,0,,,,False,2026.0,5590.0,2150.0,430000.0,,2560.0,,,real,real
开阳县,贵阳市,2009,43.0,36.0,,0,,,,False,2026.0,5590.0,2150.0,430000.0,0.0,3440.0,-3440.0,-3.44,real,real
开阳县,贵阳市,2010,44.0,34.0,,1,,,,False,2023.0,5720.0,2200.0,440000.0,10000.0,3440.0,6560.0,6.56,real,real
开阳县,贵阳市,2011,44.0,33.7,,1,,,,False,2026.0,5720.0,2200.0,440000.0,0.0,3520.0,-3520.0,-3.52,real,real
开阳县,贵阳市,2012,44.0,34.0,,1,,,,False,2026.0,5720.0,2200.0,440000.0,0.0,3520.0,-3520.0,-3.52,real,real
德江县,铜仁市,2008,50.0,41.1,,0,,,,False,2072.0,6500.0,2500.0,500000.0,,3520.0,,,real,real
德江县,铜仁市,2009,51.0,41.0,,0,,,,False,2072.0,6630.0,2550.0,510000.0,10000.0,4000.0,6000.0,6.0,real,real
德江县,铜仁市,2010,52.0,42.0,,1,,,,False,2070.0,6760.0,2600.0,520000.0,10000.0,4080.0,5920.0,5.92,real,real
德江县,铜仁市,2011,53.0,41.9,,1,,,,False,2070.0,6890.0,2650.0,530000.0,10000.0,4160.0,5840.0,5.84,real,real
德江县,铜仁市,2012,53.0,42.0,,1,,,,False,2072.0,6890.0,2650.0,530000.0,0.0,4240.0,-4240.0,-4.24,real,real
思南县,铜仁市,2008,66.0,60.8,,0,,,,False,2231.0,8580.0,3300.0,660000.0,,4240.0,,,real,real
思南县,铜仁市,2009,67.0,61.0,,0,,,,False,2331.0,8710.0,3350.0,670000.0,10000.0,5280.0,4720.0,4.72,real,real
思南县,铜仁市,2010,67.0,63.0,,1,,,,False,2216.0,8710.0,3350.0,670000.0,0.0,5360.0,-5360.0,-5.36,real,real
思南县,铜仁市,2011,67.0,63.8,,1,,,,False,2216.0,8710.0,3350.0,670000.0,0.0,5360.0,-5360.0,-5.36,real,real
思南县,铜仁市,2012,67.0,64.0,,1,,,,False,2231.0,8710.0,3350.0,670000.0,0.0,5360.0,-5360.0,-5.36,real,real
息烽县,贵阳市,2008,25.0,22.0,,0,,,,False,1037.0,3250.0,1250.0,250000.0,,5360.0,,,real,real
息烽县,贵阳市,2009,25.0,22.0,,0,,,,False,1037.0,3250.0,1250.0,250000.0,0.0,2000.0,-2000.0,-2.0,real,real
息烽县,贵阳市,2010,26.0,21.0,,1,,,,False,1037.0,3380.0,1300.0,260000.0,10000.0,2000.0,8000.0,8.0,real,real
息烽县,贵阳市,2011,26.0,20.1,,1,,,,False,1037.0,3380.0,1300.0,260000.0,0.0,2080.0,-2080.0,-2.08,real,real
息烽县,贵阳市,2012,26.0,20.0,,1,,,,False,1037.0,3380.0,1300.0,260000.0,0.0,2080.0,-2080.0,-2.08,real,real
惠水县,黔南布依族苗族自治州,2008,44.0,39.9,,0,,,,False,2470.0,5720.0,2200.0,440000.0,,2080.0,,,real,real
惠水县,黔南布依族苗族自治州,2009,44.0,41.0,,0,,,,False,2470.0,5720.0,2200.0,440000.0,0.0,3520.0,-3520.0,-3.52,real,real
惠水县,黔南布依族苗族自治州,2010,45.0,38.0,,1,,,,False,2472.0,5850.0,2250.0,450000.0,10000.0,3520.0,6480.0,6.48,real,real
惠水县,黔南布依族苗族自治州,2011,45.0,41.0,,1,,,,False,2470.0,5850.0,2250.0,450000.0,0.0,3600.0,-3600.0,-3.6,real,real
惠水县,黔南布依族苗族自治州,2012,45.0,42.0,,1,,,,False,2470.0,5850.0,2250.0,450000.0,0.0,3600.0,-3600.0,-3.6,real,real
播州区,遵义市,2008,118.0,0.0,,0,,,,True,4092.0,15340.0,5900.0,1180000.0,,3600.0,,,real,real
播州区,遵义市,2009,120.0,0.0,,0,,,,True,4092.0,15600.0,6000.0,1200000.0,20000.0,9440.0,10560.0,10.56,real,real
播州区,遵义市,2010,120.0,0.0,,1,,,,True,4094.0,15600.0,6000.0,1200000.0,0.0,9600.0,-9600.0,-9.6,real,real
播州区,遵义市,2011,121.0,0.0,,1,,,,True,4094.0,15730.0,6050.0,1210000.0,10000.0,9600.0,400.0,0.4,real,real
播州区,遵义市,2012,93.0,0.0,,1,,,,True,4094.0,12090.0,4650.0,930000.0,-280000.0,9680.0,-289680.0,-289.68,real,real
施秉县,黔东南苗族侗族自治州,2008,16.0,14.6,,0,,,,False,1544.0,2080.0,800.0,160000.0,,7440.0,,,real,real
施秉县,黔东南苗族侗族自治州,2009,14.0,10.0,,0,,,,False,1544.0,1820.0,700.0,140000.0,-20000.0,1280.0,-21280.0,-21.28,real,real
施秉县,黔东南苗族侗族自治州,2010,15.0,10.0,,1,,,,False,1532.0,1950.0,750.0,150000.0,10000.0,1120.0,8880.0,8.88,real,real
施秉县,黔东南苗族侗族自治州,2011,17.0,10.3,,1,,,,False,1532.0,2210.0,850.0,170000.0,20000.0,1200.0,18800.0,18.8,real,real
施秉县,黔东南苗族侗族自治州,2012,17.0,10.0,,1,,,,False,1531.0,2210.0,850.0,170000.0,0.0,1360.0,-1360.0,-1.36,real,real
普安县,黔西南布依族苗族自治州,2008,32.0,28.6,,0,,,,False,1429.0,4160.0,1600.0,320000.0,,1360.0,,,real,real
普安县,黔西南布依族苗族自治州,2009,32.0,30.0,,0,,,,False,1429.0,4160.0,1600.0,320000.0,0.0,2560.0,-2560.0,-2.56,real,real
普安县,黔西南布依族苗族自治州,2010,33.0,31.0,,1,,,,False,1454.0,4290.0,1650.0,330000.0,10000.0,2560.0,7440.0,7.44,real,real
普安县,黔西南布依族苗族自治州,2011,33.0,31.3,,1,,,,False,1429.0,4290.0,1650.0,330000.0,0.0,2640.0,-2640.0,-2.64,real,real
普安县,黔西南布依族苗族自治州,2012,34.0,32.0,,1,,,,False,1429.0,4420.0,1700.0,340000.0,10000.0,2640.0,7360.0,7.36,real,real
普定县,安顺市,2008,45.0,39.7,,0,,,,False,1091.0,5850.0,2250.0,450000.0,,2720.0,,,real,real
普定县,安顺市,2009,46.0,41.0,,0,,,,False,1091.0,5980.0,2300.0,460000.0,10000.0,3600.0,6400.0,6.4,real,real
普定县,安顺市,2010,46.0,41.0,,1,,,,False,1080.0,5980.0,2300.0,460000.0,0.0,3680.0,-3680.0,-3.68,real,real
普定县,安顺市,2011,47.0,42.3,,1,,,,False,1091.0,6110.0,2350.0,470000.0,10000.0,3680.0,6320.0,6.32,real,real
普定县,安顺市,2012,48.0,34.0,,1,,,,False,1102.0,6240.0,2400.0,480000.0,10000.0,3760.0,6240.0,6.24,real,real
晴隆县,黔西南布依族苗族自治州,2008,30.0,27.3,,0,,,,False,1327.0,3900.0,1500.0,300000.0,,3840.0,,,real,real
晴隆县,黔西南布依族苗族自治州,2009,32.0,28.0,,0,,,,False,1331.0,4160.0,1600.0,320000.0,20000.0,2400.0,17600.0,17.6,real,real
晴隆县,黔西南布依族苗族自治州,2010,33.0,28.0,,1,,,,False,1310.0,4290.0,1650.0,330000.0,10000.0,2560.0,7440.0,7.44,real,real
晴隆县,黔西南布依族苗族自治州,2011,34.0,28.8,,1,,,,False,1331.0,4420.0,1700.0,340000.0,10000.0,2640.0,7360.0,7.36,real,real
晴隆县,黔西南布依族苗族自治州,2012,34.0,29.0,,1,,,,False,1331.0,4420.0,1700.0,340000.0,0.0,2720.0,-2720.0,-2.72,real,real
望谟县,黔西南布依族苗族自治州,2008,30.0,29.5,,0,,,,False,3006.0,3900.0,1500.0,300000.0,,2720.0,,,real,real
望谟县,黔西南布依族苗族自治州,2009,32.0,30.0,,0,,,,False,3005.0,4160.0,1600.0,320000.0,20000.0,2400.0,17600.0,17.6,real,real
望谟县,黔西南布依族苗族自治州,2010,32.0,30.0,,1,,,,False,3018.0,4160.0,1600.0,320000.0,0.0,2560.0,-2560.0,-2.56,real,real
望谟县,黔西南布依族苗族自治州,2011,32.0,30.0,,1,,,,False,3005.0,4160.0,1600.0,320000.0,0.0,2560.0,-2560.0,-2.56,real,real
望谟县,黔西南布依族苗族自治州,2012,32.0,31.0,,1,,,,False,3005.0,4160.0,1600.0,320000.0,0.0,2560.0,-2560.0,-2.56,real,real
松桃苗族自治县,铜仁市,2008,69.0,64.3,,0,,,,False,2861.0,8970.0,3450.0,690000.0,,2560.0,,,real,real
松桃苗族自治县,铜仁市,2009,70.0,64.0,,0,,,,False,3400.0,9100.0,3500.0,700000.0,10000.0,5520.0,4480.0,4.48,real,real
松桃苗族自治县,铜仁市,2010,70.0,65.0,,1,,,,False,2859.0,9100.0,3500.0,700000.0,0.0,5600.0,-5600.0,-5.6,real,real
松桃苗族自治县,铜仁市,2011,71.0,66.6,,1,,,,False,2859.0,9230.0,3550.0,710000.0,10000.0,5600.0,4400.0,4.4,real,real
松桃苗族自治县,铜仁市,2012,71.0,67.0,,1,,,,False,2859.0,9230.0,3550.0,710000.0,0.0,5680.0,-5680.0,-5.68,real,real
桐梓县,遵义市,2008,68.0,61.7,,0,,,,False,3202.0,8840.0,3400.0,680000.0,,5680.0,,,real,real
桐梓县,遵义市,2009,69.0,62.0,,0,,,,False,3202.0,8970.0,3450.0,690000.0,10000.0,5440.0,4560.0,4.56,real,real
桐梓县,遵义市,2010,70.0,64.0,,1,,,,False,3208.0,9100.0,3500.0,700000.0,10000.0,5520.0,4480.0,4.48,real,real
桐梓县,遵义市,2011,71.0,64.6,,1,,,,False,3208.0,9230.0,3550.0,710000.0,10000.0,5600.0,4400.0,4.4,real,real
桐梓县,遵义市,2012,72.0,65.0,,1,,,,False,3208.0,9360.0,3600.0,720000.0,10000.0,5680.0,4320.0,4.32,real,real
榕江县,黔东南苗族侗族自治州,2008,34.0,31.7,,0,,,,False,3316.0,4420.0,1700.0,340000.0,,5760.0,,,real,real
榕江县,黔东南苗族侗族自治州,2009,34.0,32.0,,0,,,,False,3316.0,4420.0,1700.0,340000.0,0.0,2720.0,-2720.0,-2.72,real,real
榕江县,黔东南苗族侗族自治州,2010,35.0,33.0,,1,,,,False,3296.0,4550.0,1750.0,350000.0,10000.0,2720.0,7280.0,7.28,real,real
榕江县,黔东南苗族侗族自治州,2011,35.0,33.4,,1,,,,False,3296.0,4550.0,1750.0,350000.0,0.0,2800.0,-2800.0,-2.8,real,real
榕江县,黔东南苗族侗族自治州,2012,36.0,34.0,,1,,,,False,3296.0,4680.0,1800.0,360000.0,10000.0,2800.0,7200.0,7.2,real,real
正安县,遵义市,2008,62.0,57.2,,0,,,,False,2595.0,8060.0,3100.0,620000.0,,2880.0,,,real,real
正安县,遵义市,2009,62.0,57.0,,0,,,,False,2595.0,8060.0,3100.0,620000.0,0.0,4960.0,-4960.0,-4.96,real,real
正安县,遵义市,2010,64.0,58.0,,1,,,,False,2590.0,8320.0,3200.0,640000.0,20000.0,4960.0,15040.0,15.04,real,real
正安县,遵义市,2011,64.0,59.9,,1,,,,False,2595.0,8320.0,3200.0,640000.0,0.0,5120.0,-5120.0,-5.12,real,real
正安县,遵义市,2012,64.0,56.0,,1,,,,False,2595.0,8320.0,3200.0,640000.0,0.0,5120.0,-5120.0,-5.12,real,real
水城县,六盘水市,2008,77.0,72.6,,0,,,,False,3584.0,10010.0,3850.0,770000.0,,5120.0,,,real,real
水城县,六盘水市,2009,79.0,74.0,,0,,,,False,3584.0,10270.0,3950.0,790000.0,20000.0,6160.0,13840.0,13.84,real,real
水城县,六盘水市,2010,83.0,75.0,,1,,,,False,3594.0,10790.0,4150.0,830000.0,40000.0,6320.0,33680.0,33.68,real,real
水城县,六盘水市,2011,83.0,76.4,,1,,,,False,3589.0,10790.0,4150.0,830000.0,0.0,6640.0,-6640.0,-6.64,real,real
水城县,六盘水市,2012,84.0,77.0,,1,,,,False,3589.0,10920.0,4200.0,840000.0,10000.0,6640.0,3360.0,3.36,real,real
汇川区,遵义市,2008,42.0,0.0,,0,,,,True,,5460.0,2100.0,420000.0,,6720.0,,,real,real
汇川区,遵义市,2009,43.0,0.0,,0,,,,True,,5590.0,2150.0,430000.0,10000.0,3360.0,6640.0,6.64,real,real
汇川区,遵义市,2010,44.0,0.0,,1,,,,True,,5720.0,2200.0,440000.0,10000.0,3440.0,6560.0,6.56,real,real
汇川区,遵义市,2011,45.0,0.0,,1,,,,True,,5850.0,2250.0,450000.0,10000.0,3520.0,6480.0,6.48,real,real
汇川区,遵义市,2012,45.0,0.0,,1,,,,True,,5850.0,2250.0,450000.0,0.0,3600.0,-3600.0,-3.6,real,real
江口县,铜仁市,2008,23.0,20.6,,0,,,,False,1869.0,2990.0,1150.0,230000.0,,3600.0,,,real,real
江口县,铜仁市,2009,23.0,21.0,,0,,,,False,1869.0,2990.0,1150.0,230000.0,0.0,1840.0,-1840.0,-1.84,real,real
江口县,铜仁市,2010,24.0,21.0,,1,,,,False,1877.0,3120.0,1200.0,240000.0,10000.0,1840.0,8160.0,8.16,real,real
江口县,铜仁市,2011,24.0,20.5,,1,,,,False,1877.0,3120.0,1200.0,240000.0,0.0,1920.0,-1920.0,-1.92,real,real
江口县,铜仁市,2012,24.0,21.0,,1,,,,False,1877.0,3120.0,1200.0,240000.0,0.0,1920.0,-1920.0,-1.92,real,real
沿河土家族自治县,铜仁市,2008,60.0,56.3,,0,,,,False,2469.0,7800.0,3000.0,600000.0,,1920.0,,,real,real
沿河土家族自治县,铜仁市,2009,63.0,57.0,,0,,,,False,2469.0,8190.0,3150.0,630000.0,30000.0,4800.0,25200.0,25.2,real,real
沿河土家族自治县,铜仁市,2010,65.0,60.0,,1,,,,False,2484.0,8450.0,3250.0,650000.0,20000.0,5040.0,14960.0,14.96,real,real
沿河土家族自治县,铜仁市,2011,66.0,60.9,,1,,,,False,2484.0,8580.0,3300.0,660000.0,10000.0,5200.0,4800.0,4.8,real,real
沿河土家族自治县,铜仁市,2012,66.0,61.0,,1,,,,False,2469.0,8580.0,3300.0,660000.0,0.0,5280.0,-5280.0,-5.28,real,real
清镇市,贵阳市,2008,50.0,40.1,,0,,,,False,1492.0,6500.0,2500.0,500000.0,,5280.0,,,real,real
清镇市,贵阳市,2009,50.0,41.0,,0,,,,False,1492.0,6500.0,2500.0,500000.0,0.0,4000.0,-4000.0,-4.0,real,real
清镇市,贵阳市,2010,51.0,41.0,,1,,,,False,1495.0,6630.0,2550.0,510000.0,10000.0,4000.0,6000.0,6.0,real,real
清镇市,贵阳市,2011,52.0,41.8,,1,,,,False,1492.0,6760.0,2600.0,520000.0,10000.0,4080.0,5920.0,5.92,real,real
清镇市,贵阳市,2012,50.0,40.0,,1,,,,False,1492.0,6500.0,2500.0,500000.0,-20000.0,4160.0,-24160.0,-24.16,real,real
湄潭县,遵义市,2008,48.0,43.0,,0,,,,False,1845.0,6240.0,2400.0,480000.0,,4000.0,,,real,real
湄潭县,遵义市,2009,49.0,43.0,,0,,,,False,1845.0,6370.0,2450.0,490000.0,10000.0,3840.0,6160.0,6.16,real,real
湄潭县,遵义市,2010,49.0,44.0,,1,,,,False,1866.0,6370.0,2450.0,490000.0,0.0,3920.0,-3920.0,-3.92,real,real
湄潭县,遵义市,2011,50.0,44.4,,1,,,,False,1866.0,6500.0,2500.0,500000.0,10000.0,3920.0,6080.0,6.08,real,real
湄潭县,遵义市,2012,49.0,45.0,,1,,,,False,1866.0,6370.0,2450.0,490000.0,-10000.0,4000.0,-14000.0,-14.0,real,real
独山县,黔南布依族苗族自治州,2008,35.0,31.0,,0,,,,False,2445.0,4550.0,1750.0,350000.0,,3920.0,,,real,real
独山县,黔南布依族苗族自治州,2009,35.0,31.0,,0,,,,False,2445.0,4550.0,1750.0,350000.0,0.0,2800.0,-2800.0,-2.8,real,real
独山县,黔南布依族苗族自治州,2010,35.0,32.0,,1,,,,False,2477.0,4550.0,1750.0,350000.0,0.0,2800.0,-2800.0,-2.8,real,real
独山县,黔南布依族苗族自治州,2011,35.0,32.1,,1,,,,False,2445.0,4550.0,1750.0,350000.0,0.0,2800.0,-2800.0,-2.8,real,real
独山县,黔南布依族苗族自治州,2012,35.0,32.0,,1,,,,False,2442.0,4550.0,1750.0,350000.0,0.0,2800.0,-2800.0,-2.8,real,real
玉屏侗族自治县,铜仁市,2008,15.0,12.4,,0,,,,False,517.0,1950.0,750.0,150000.0,,2800.0,,,real,real
玉屏侗族自治县,铜仁市,2009,15.0,12.0,,0,,,,False,517.0,1950.0,750.0,150000.0,0.0,1200.0,-1200.0,-1.2,real,real
玉屏侗族自治县,铜仁市,2010,15.0,13.0,,1,,,,False,524.0,1950.0,750.0,150000.0,0.0,1200.0,-1200.0,-1.2,real,real
玉屏侗族自治县,铜仁市,2011,15.0,12.6,,1,,,,False,524.0,1950.0,750.0,150000.0,0.0,1200.0,-1200.0,-1.2,real,real
玉屏侗族自治县,铜仁市,2012,15.0,13.0,,1,,,,False,524.0,1950.0,750.0,150000.0,0.0,1200.0,-1200.0,-1.2,real,real
瓮安县,黔南布依族苗族自治州,2008,45.0,42.8,,0,,,,False,1974.0,5850.0,2250.0,450000.0,,1200.0,,,real,real
瓮安县,黔南布依族苗族自治州,2009,45.0,43.0,,0,,,,False,1974.0,5850.0,2250.0,450000.0,0.0,3600.0,-3600.0,-3.6,real,real
瓮安县,黔南布依族苗族自治州,2010,47.0,44.0,,1,,,,False,1963.0,6110.0,2350.0,470000.0,20000.0,3600.0,16400.0,16.4,real,real
瓮安县,黔南布依族苗族自治州,2011,46.0,44.1,,1,,,,False,1974.0,5980.0,2300.0,460000.0,-10000.0,3760.0,-13760.0,-13.76,real,real
瓮安县,黔南布依族苗族自治州,2012,47.0,46.0,,1,,,,False,1974.0,6110.0,2350.0,470000.0,10000.0,3680.0,6320.0,6.32,real,real
白云区,贵阳市,2008,24.0,0.0,,0,,,,True,,3120.0,1200.0,240000.0,,3760.0,,,real,real
白云区,贵阳市,2009,25.0,0.0,,0,,,,True,,3250.0,1250.0,250000.0,10000.0,1920.0,8080.0,8.08,real,real
白云区,贵阳市,2010,26.0,0.0,,1,,,,True,,3380.0,1300.0,260000.0,10000.0,2000.0,8000.0,8.0,real,real
白云区,贵阳市,2011,27.0,0.0,,1,,,,True,,3510.0,1350.0,270000.0,10000.0,2080.0,7920.0,7.92,real,real
白云区,贵阳市,2012,27.0,0.0,,1,,,,True,,3510.0,1350.0,270000.0,0.0,2160.0,-2160.0,-2.16,real,real
盘州市,六盘水市,2008,117.0,101.9,,0,,,,False,4056.0,15210.0,5850.0,1170000.0,,2160.0,,,real,real
盘州市,六盘水市,2009,118.0,103.0,,0,,,,False,4056.0,15340.0,5900.0,1180000.0,10000.0,9360.0,640.0,0.64,real,real
盘州市,六盘水市,2010,118.0,104.0,,1,,,,False,4040.0,15340.0,5900.0,1180000.0,0.0,9440.0,-9440.0,-9.44,real,real
盘州市,六盘水市,2011,119.0,105.5,,1,,,,False,4056.0,15470.0,5950.0,1190000.0,10000.0,9440.0,560.0,0.56,real,real
盘州市,六盘水市,2012,119.0,106.0,,1,,,,False,4056.0,15470.0,5950.0,1190000.0,0.0,9520.0,-9520.0,-9.52,real,real
石阡县,铜仁市,2008,40.0,37.2,,0,,,,False,2173.0,5200.0,2000.0,400000.0,,9520.0,,,real,real
石阡县,铜仁市,2009,40.0,38.0,,0,,,,False,2173.0,5200.0,2000.0,400000.0,0.0,3200.0,-3200.0,-3.2,real,real
石阡县,铜仁市,2010,41.0,38.0,,1,,,,False,2169.0,5330.0,2050.0,410000.0,10000.0,3200.0,6800.0,6.8,real,real
石阡县,铜仁市,2011,41.0,38.3,,1,,,,False,2169.0,5330.0,2050.0,410000.0,0.0,3280.0,-3280.0,-3.28,real,real
石阡县,铜仁市,2012,41.0,39.0,,1,,,,False,2173.0,5330.0,2050.0,410000.0,0.0,3280.0,-3280.0,-3.28,real,real
碧江区,铜仁市,2008,37.0,0.0,,0,,,,True,1514.0,4810.0,1850.0,370000.0,,3280.0,,,real,real
碧江区,铜仁市,2009,38.0,0.0,,0,,,,True,1514.0,4940.0,1900.0,380000.0,10000.0,2960.0,7040.0,7.04,real,real
碧江区,铜仁市,2010,38.0,0.0,,1,,,,True,1508.0,4940.0,1900.0,380000.0,0.0,3040.0,-3040.0,-3.04,real,real
碧江区,铜仁市,2011,39.0,0.0,,1,,,,True,1508.0,5070.0,1950.0,390000.0,10000.0,3040.0,6960.0,6.96,real,real
碧江区,铜仁市,2012,30.0,0.0,,1,,,,True,1012.0,3900.0,1500.0,300000.0,-90000.0,3120.0,-93120.0,-93.12,real,real
福泉市,黔南布依族苗族自治州,2008,32.0,0.0,,0,,,,True,1688.0,4160.0,1600.0,320000.0,,2400.0,,,real,real
福泉市,黔南布依族苗族自治州,2009,32.0,0.0,,0,,,,True,1688.0,4160.0,1600.0,320000.0,0.0,2560.0,-2560.0,-2.56,real,real
福泉市,黔南布依族苗族自治州,2010,33.0,0.0,,1,,,,True,1692.0,4290.0,1650.0,330000.0,10000.0,2560.0,7440.0,7.44,real,real
福泉市,黔南布依族苗族自治州,2011,33.0,0.0,,1,,,,True,1688.0,4290.0,1650.0,330000.0,0.0,2640.0,-2640.0,-2.64,real,real
福泉市,黔南布依族苗族自治州,2012,33.0,0.0,,1,,,,True,1688.0,4290.0,1650.0,330000.0,0.0,2640.0,-2640.0,-2.64,real,real
紫云苗族布依族自治县,安顺市,2008,35.0,34.2,,0,,,,False,2284.0,4550.0,1750.0,350000.0,,2640.0,,,real,real
紫云苗族布依族自治县,安顺市,2009,36.0,35.0,,0,,,,False,2284.0,4680.0,1800.0,360000.0,10000.0,2800.0,7200.0,7.2,real,real
紫云苗族布依族自治县,安顺市,2010,36.0,35.0,,1,,,,False,2251.0,4680.0,1800.0,360000.0,0.0,2880.0,-2880.0,-2.88,real,real
紫云苗族布依族自治县,安顺市,2011,37.0,36.3,,1,,,,False,2284.0,4810.0,1850.0,370000.0,10000.0,2880.0,7120.0,7.12,real,real
紫云苗族布依族自治县,安顺市,2012,37.0,36.0,,1,,,,False,2284.0,4810.0,1850.0,370000.0,0.0,2960.0,-2960.0,-2.96,real,real
红花岗区,遵义市,2008,64.0,0.0,,0,,,,True,,8320.0,3200.0,640000.0,,2960.0,,,real,real
红花岗区,遵义市,2009,65.0,0.0,,0,,,,True,,8450.0,3250.0,650000.0,10000.0,5120.0,4880.0,4.88,real,real
红花岗区,遵义市,2010,66.0,0.0,,1,,,,True,,8580.0,3300.0,660000.0,10000.0,5200.0,4800.0,4.8,real,real
红花岗区,遵义市,2011,67.0,0.0,,1,,,,True,,8710.0,3350.0,670000.0,10000.0,5280.0,4720.0,4.72,real,real
红花岗区,遵义市,2012,67.0,0.0,,1,,,,True,,8710.0,3350.0,670000.0,0.0,5360.0,-5360.0,-5.36,real,real
纳雍县,毕节市,2008,87.0,75.2,,0,,,,False,2448.0,11310.0,4350.0,870000.0,,5360.0,,,real,real
纳雍县,毕节市,2009,89.0,75.0,,0,,,,False,2448.0,11570.0,4450.0,890000.0,20000.0,6960.0,13040.0,13.04,real,real
纳雍县,毕节市,2010,94.0,83.0,,1,,,,False,2452.0,12220.0,4700.0,940000.0,50000.0,7120.0,42880.0,42.88,real,real
纳雍县,毕节市,2011,96.0,79.0,,1,,,,False,2448.0,12480.0,4800.0,960000.0,20000.0,7520.0,12480.0,12.48,real,real
纳雍县,毕节市,2012,98.0,81.0,,1,,,,False,2452.0,12740.0,4900.0,980000.0,20000.0,7680.0,12320.0,12.32,real,real
织金县,毕节市,2008,102.0,94.1,,0,,,,False,2868.0,13260.0,5100.0,1020000.0,,7840.0,,,real,real
织金县,毕节市,2009,105.0,95.0,,0,,,,False,2868.0,13650.0,5250.0,1050000.0,30000.0,8160.0,21840.0,21.84,real,real
织金县,毕节市,2010,109.0,99.0,,1,,,,False,2865.0,14170.0,5450.0,1090000.0,40000.0,8400.0,31600.0,31.6,real,real
织金县,毕节市,2011,112.0,98.9,,1,,,,False,2868.0,14560.0,5600.0,1120000.0,30000.0,8720.0,21280.0,21.28,real,real
织金县,毕节市,2012,113.0,87.0,,1,,,,False,2868.0,14690.0,5650.0,1130000.0,10000.0,8960.0,1040.0,1.04,real,real
绥阳县,遵义市,2008,53.0,49.1,,0,,,,False,2566.0,6890.0,2650.0,530000.0,,9040.0,,,real,real
绥阳县,遵义市,2009,53.0,49.0,,0,,,,False,2566.0,6890.0,2650.0,530000.0,0.0,4240.0,-4240.0,-4.24,real,real
绥阳县,遵义市,2010,54.0,50.0,,1,,,,False,2546.0,7020.0,2700.0,540000.0,10000.0,4240.0,5760.0,5.76,real,real
绥阳县,遵义市,2011,54.0,49.9,,1,,,,False,2546.0,7020.0,2700.0,540000.0,0.0,4320.0,-4320.0,-4.32,real,real
绥阳县,遵义市,2012,55.0,50.0,,1,,,,False,2566.0,7150.0,2750.0,550000.0,10000.0,4320.0,5680.0,5.68,real,real
罗甸县,黔南布依族苗族自治州,2008,34.0,30.1,,0,,,,False,3013.0,4420.0,1700.0,340000.0,,4400.0,,,real,real
罗甸县,黔南布依族苗族自治州,2009,34.0,30.0,,0,,,,False,3013.0,4420.0,1700.0,340000.0,0.0,2720.0,-2720.0,-2.72,real,real
罗甸县,黔南布依族苗族自治州,2010,34.0,31.0,,1,,,,False,3013.0,4420.0,1700.0,340000.0,0.0,2720.0,-2720.0,-2.72,real,real
罗甸县,黔南布依族苗族自治州,2011,34.0,31.0,,1,,,,False,3013.0,4420.0,1700.0,340000.0,0.0,2720.0,-2720.0,-2.72,real,real
罗甸县,黔南布依族苗族自治州,2012,34.0,31.0,,1,,,,False,3013.0,4420.0,1700.0,340000.0,0.0,2720.0,-2720.0,-2.72,real,real
花溪区,贵阳市,2008,38.0,0.0,,0,,,,True,,4940.0,1900.0,380000.0,,2720.0,,,real,real
花溪区,贵阳市,2009,36.0,0.0,,0,,,,True,,4680.0,1800.0,360000.0,-20000.0,3040.0,-23040.0,-23.04,real,real
花溪区,贵阳市,2010,36.0,0.0,,1,,,,True,,4680.0,1800.0,360000.0,0.0,2880.0,-2880.0,-2.88,real,real
花溪区,贵阳市,2011,36.0,0.0,,1,,,,True,,4680.0,1800.0,360000.0,0.0,2880.0,-2880.0,-2.88,real,real
花溪区,贵阳市,2012,37.0,0.0,,1,,,,True,,4810.0,1850.0,370000.0,10000.0,2880.0,7120.0,7.12,real,real
荔波县,黔南布依族苗族自治州,2008,17.0,15.6,,0,,,,False,2432.0,2210.0,850.0,170000.0,,2960.0,,,real,real
荔波县,黔南布依族苗族自治州,2009,17.0,16.0,,0,,,,False,2432.0,2210.0,850.0,170000.0,0.0,1360.0,-1360.0,-1.36,real,real
荔波县,黔南布依族苗族自治州,2010,17.0,16.0,,1,,,,False,2416.0,2210.0,850.0,170000.0,0.0,1360.0,-1360.0,-1.36,real,real
荔波县,黔南布依族苗族自治州,2011,18.0,16.0,,1,,,,False,2432.0,2340.0,900.0,180000.0,10000.0,1360.0,8640.0,8.64,real,real
荔波县,黔南布依族苗族自治州,2012,18.0,16.0,,1,,,,False,2432.0,2340.0,900.0,180000.0,0.0,1440.0,-1440.0,-1.44,real,real
西秀区,安顺市,2008,79.0,0.0,,0,,,,True,,10270.0,3950.0,790000.0,,1440.0,,,real,real
西秀区,安顺市,2009,78.0,0.0,,0,,,,True,,10140.0,3900.0,780000.0,-10000.0,6320.0,-16320.0,-16.32,real,real
西秀区,安顺市,2010,77.0,0.0,,1,,,,True,,10010.0,3850.0,770000.0,-10000.0,6240.0,-16240.0,-16.24,real,real
西秀区,安顺市,2011,76.0,0.0,,1,,,,True,,9880.0,3800.0,760000.0,-10000.0,6160.0,-16160.0,-16.16,real,real
西秀区,安顺市,2012,76.0,0.0,,1,,,,True,,9880.0,3800.0,760000.0,0.0,6080.0,-6080.0,-6.08,real,real
观山湖区,贵阳市,2008,19.0,0.0,,0,,,,True,,2470.0,950.0,190000.0,,6080.0,,,real,real
观山湖区,贵阳市,2009,22.0,0.0,,0,,,,True,,2860.0,1100.0,220000.0,30000.0,1520.0,28480.0,28.48,real,real
观山湖区,贵阳市,2010,25.0,0.0,,1,,,,True,,3250.0,1250.0,250000.0,30000.0,1760.0,28240.0,28.24,real,real
观山湖区,贵阳市,2011,26.0,0.0,,1,,,,True,,3380.0,1300.0,260000.0,10000.0,2000.0,8000.0,8.0,real,real
观山湖区,贵阳市,2012,26.0,0.0,,1,,,,True,,3380.0,1300.0,260000.0,0.0,2080.0,-2080.0,-2.08,real,real
贞丰县,黔西南布依族苗族自治州,2008,38.0,35.0,,0,,,,False,1512.0,4940.0,1900.0,380000.0,,2080.0,,,real,real
贞丰县,黔西南布依族苗族自治州,2009,38.0,36.0,,0,,,,False,1512.0,4940.0,1900.0,380000.0,0.0,3040.0,-3040.0,-3.04,real,real
贞丰县,黔西南布依族苗族自治州,2010,40.0,37.0,,1,,,,False,1509.0,5200.0,2000.0,400000.0,20000.0,3040.0,16960.0,16.96,real,real
贞丰县,黔西南布依族苗族自治州,2011,41.0,37.9,,1,,,,False,1512.0,5330.0,2050.0,410000.0,10000.0,3200.0,6800.0,6.8,real,real
贞丰县,黔西南布依族苗族自治州,2012,41.0,38.0,,1,,,,False,1512.0,5330.0,2050.0,410000.0,0.0,3280.0,-3280.0,-3.28,real,real
贵定县,黔南布依族苗族自治州,2008,29.0,24.7,,0,,,,False,1631.0,3770.0,1450.0,290000.0,,3280.0,,,real,real
贵定县,黔南布依族苗族自治州,2009,29.0,25.0,,0,,,,False,1631.0,3770.0,1450.0,290000.0,0.0,2320.0,-2320.0,-2.32,real,real
贵定县,黔南布依族苗族自治州,2010,29.0,25.0,,1,,,,False,1627.0,3770.0,1450.0,290000.0,0.0,2320.0,-2320.0,-2.32,real,real
贵定县,黔南布依族苗族自治州,2011,29.0,25.7,,1,,,,False,1627.0,3770.0,1450.0,290000.0,0.0,2320.0,-2320.0,-2.32,real,real
贵定县,黔南布依族苗族自治州,2012,29.0,27.0,,1,,,,False,1627.0,3770.0,1450.0,290000.0,0.0,2320.0,-2320.0,-2.32,real,real
赤水市,遵义市,2008,30.0,22.2,,0,,,,False,1883.0,3900.0,1500.0,300000.0,,2320.0,,,real,real
赤水市,遵义市,2009,30.0,22.0,,0,,,,False,1883.0,3900.0,1500.0,300000.0,0.0,2400.0,-2400.0,-2.4,real,real
赤水市,遵义市,2010,31.0,23.0,,1,,,,False,1852.0,4030.0,1550.0,310000.0,10000.0,2400.0,7600.0,7.6,real,real
赤水市,遵义市,2011,31.0,23.2,,1,,,,False,1852.0,4030.0,1550.0,310000.0,0.0,2480.0,-2480.0,-2.48,real,real
赤水市,遵义市,2012,31.0,24.0,,1,,,,False,1852.0,4030.0,1550.0,310000.0,0.0,2480.0,-2480.0,-2.48,real,real
赫章县,毕节市,2008,72.0,67.0,,0,,,,False,3245.0,9360.0,3600.0,720000.0,,2480.0,,,real,real
赫章县,毕节市,2009,74.0,67.0,,0,,,,False,3250.0,9620.0,3700.0,740000.0,20000.0,5760.0,14240.0,14.24,real,real
赫章县,毕节市,2010,77.0,70.0,,1,,,,False,3243.0,10010.0,3850.0,770000.0,30000.0,5920.0,24080.0,24.08,real,real
赫章县,毕节市,2011,78.0,69.4,,1,,,,False,3250.0,10140.0,3900.0,780000.0,10000.0,6160.0,3840.0,3.84,real,real
赫章县,毕节市,2012,79.0,72.0,,1,,,,False,3250.0,10270.0,3950.0,790000.0,10000.0,6240.0,3760.0,3.76,real,real
道真仡佬族苗族自治县,遵义市,2008,34.0,29.9,,0,,,,False,2156.0,4420.0,1700.0,340000.0,,6320.0,,,real,real
道真仡佬族苗族自治县,遵义市,2009,34.0,30.0,,0,,,,False,2156.0,4420.0,1700.0,340000.0,0.0,2720.0,-2720.0,-2.72,real,real
道真仡佬族苗族自治县,遵义市,2010,34.0,31.0,,1,,,,False,2156.0,4420.0,1700.0,340000.0,0.0,2720.0,-2720.0,-2.72,real,real
道真仡佬族苗族自治县,遵义市,2011,34.0,31.4,,1,,,,False,2156.0,4420.0,1700.0,340000.0,0.0,2720.0,-2720.0,-2.72,real,real
道真仡佬族苗族自治县,遵义市,2012,34.0,32.0,,1,,,,False,2156.0,4420.0,1700.0,340000.0,0.0,2720.0,-2720.0,-2.72,real,real
都匀市,黔南布依族苗族自治州,2008,48.0,0.0,,0,,,,True,2274.0,6240.0,2400.0,480000.0,,2720.0,,,real,real
都匀市,黔南布依族苗族自治州,2009,48.0,0.0,,0,,,,True,2274.0,6240.0,2400.0,480000.0,0.0,3840.0,-3840.0,-3.84,real,real
都匀市,黔南布依族苗族自治州,2010,49.0,0.0,,1,,,,True,2285.0,6370.0,2450.0,490000.0,10000.0,3840.0,6160.0,6.16,real,real
都匀市,黔南布依族苗族自治州,2011,48.0,0.0,,1,,,,True,2285.0,6240.0,2400.0,480000.0,-10000.0,3920.0,-13920.0,-13.92,real,real
都匀市,黔南布依族苗族自治州,2012,48.0,0.0,,1,,,,True,2274.0,6240.0,2400.0,480000.0,0.0,3840.0,-3840.0,-3.84,real,real
金沙县,毕节市,2008,63.0,50.4,,0,,,,False,2528.0,8190.0,3150.0,630000.0,,3840.0,,,real,real
金沙县,毕节市,2009,64.0,49.0,,0,,,,False,2528.0,8320.0,3200.0,640000.0,10000.0,5040.0,4960.0,4.96,real,real
金沙县,毕节市,2010,67.0,51.0,,1,,,,False,2523.0,8710.0,3350.0,670000.0,30000.0,5120.0,24880.0,24.88,real,real
金沙县,毕节市,2011,68.0,50.1,,1,,,,False,2528.0,8840.0,3400.0,680000.0,10000.0,5360.0,4640.0,4.64,real,real
金沙县,毕节市,2012,66.0,48.0,,1,,,,False,2528.0,8580.0,3300.0,660000.0,-20000.0,5440.0,-25440.0,-25.44,real,real
钟山区,六盘水市,2008,57.0,0.0,,0,,,,True,,7410.0,2850.0,570000.0,,5280.0,,,real,real
钟山区,六盘水市,2009,59.0,0.0,,0,,,,True,,7670.0,2950.0,590000.0,20000.0,4560.0,15440.0,15.44,real,real
钟山区,六盘水市,2010,62.0,0.0,,1,,,,True,,8060.0,3100.0,620000.0,30000.0,4720.0,25280.0,25.28,real,real
钟山区,六盘水市,2011,62.0,0.0,,1,,,,True,,8060.0,3100.0,620000.0,0.0,4960.0,-4960.0,-4.96,real,real
钟山区,六盘水市,2012,62.0,0.0,,1,,,,True,,8060.0,3100.0,620000.0,0.0,4960.0,-4960.0,-4.96,real,real
锦屏县,黔东南苗族侗族自治州,2008,22.0,20.4,,0,,,,False,1597.0,2860.0,1100.0,220000.0,,4960.0,,,real,real
锦屏县,黔东南苗族侗族自治州,2009,22.0,21.0,,0,,,,False,1597.0,2860.0,1100.0,220000.0,0.0,1760.0,-1760.0,-1.76,real,real
锦屏县,黔东南苗族侗族自治州,2010,23.0,21.0,,1,,,,False,1619.0,2990.0,1150.0,230000.0,10000.0,1760.0,8240.0,8.24,real,real
锦屏县,黔东南苗族侗族自治州,2011,23.0,20.9,,1,,,,False,1597.0,2990.0,1150.0,230000.0,0.0,1840.0,-1840.0,-1.84,real,real
锦屏县,黔东南苗族侗族自治州,2012,23.0,21.0,,1,,,,False,1597.0,2990.0,1150.0,230000.0,0.0,1840.0,-1840.0,-1.84,real,real
镇宁布依族苗族自治县,安顺市,2008,37.0,33.2,,0,,,,False,1718.0,4810.0,1850.0,370000.0,,1840.0,,,real,real
镇宁布依族苗族自治县,安顺市,2009,38.0,34.0,,0,,,,False,1718.0,4940.0,1900.0,380000.0,10000.0,2960.0,7040.0,7.04,real,real
镇宁布依族苗族自治县,安顺市,2010,38.0,35.0,,1,,,,False,1717.0,4940.0,1900.0,380000.0,0.0,3040.0,-3040.0,-3.04,real,real
镇宁布依族苗族自治县,安顺市,2011,38.0,35.1,,1,,,,False,1717.0,4940.0,1900.0,380000.0,0.0,3040.0,-3040.0,-3.04,real,real
镇宁布依族苗族自治县,安顺市,2012,39.0,36.0,,1,,,,False,1717.0,5070.0,1950.0,390000.0,10000.0,3040.0,6960.0,6.96,real,real
镇远县,黔东南苗族侗族自治州,2008,26.0,19.2,,0,,,,False,1878.0,3380.0,1300.0,260000.0,,3120.0,,,real,real
镇远县,黔东南苗族侗族自治州,2009,26.0,18.0,,0,,,,False,1878.0,3380.0,1300.0,260000.0,0.0,2080.0,-2080.0,-2.08,real,real
镇远县,黔东南苗族侗族自治州,2010,27.0,18.0,,1,,,,False,1890.0,3510.0,1350.0,270000.0,10000.0,2080.0,7920.0,7.92,real,real
镇远县,黔东南苗族侗族自治州,2011,27.0,17.9,,1,,,,False,1878.0,3510.0,1350.0,270000.0,0.0,2160.0,-2160.0,-2.16,real,real
镇远县,黔东南苗族侗族自治州,2012,26.0,18.0,,1,,,,False,1878.0,3380.0,1300.0,260000.0,-10000.0,2160.0,-12160.0,-12.16,real,real
长顺县,黔南布依族苗族自治州,2008,26.0,23.8,,0,,,,False,1543.0,3380.0,1300.0,260000.0,,2080.0,,,real,real
长顺县,黔南布依族苗族自治州,2009,26.0,24.0,,0,,,,False,1543.0,3380.0,1300.0,260000.0,0.0,2080.0,-2080.0,-2.08,real,real
长顺县,黔南布依族苗族自治州,2010,26.0,25.0,,1,,,,False,1549.0,3380.0,1300.0,260000.0,0.0,2080.0,-2080.0,-2.08,real,real
长顺县,黔南布依族苗族自治州,2011,26.0,24.4,,1,,,,False,1543.0,3380.0,1300.0,260000.0,0.0,2080.0,-2080.0,-2.08,real,real
长顺县,黔南布依族苗族自治州,2012,26.0,25.0,,1,,,,False,1543.0,3380.0,1300.0,260000.0,0.0,2080.0,-2080.0,-2.08,real,real
雷山县,黔东南苗族侗族自治州,2008,16.0,12.0,,0,,,,False,1219.0,2080.0,800.0,160000.0,,2080.0,,,real,real
雷山县,黔东南苗族侗族自治州,2009,15.0,14.0,,0,,,,False,1204.0,1950.0,750.0,150000.0,-10000.0,1280.0,-11280.0,-11.28,real,real
雷山县,黔东南苗族侗族自治州,2010,15.0,14.0,,1,,,,False,1204.0,1950.0,750.0,150000.0,0.0,1200.0,-1200.0,-1.2,real,real
雷山县,黔东南苗族侗族自治州,2011,15.0,14.7,,1,,,,False,1219.0,1950.0,750.0,150000.0,0.0,1200.0,-1200.0,-1.2,real,real
雷山县,黔东南苗族侗族自治州,2012,15.0,15.0,,1,,,,False,1204.0,1950.0,750.0,150000.0,0.0,1200.0,-1200.0,-1.2,real,real
麻江县,黔东南苗族侗族自治州,2008,23.0,19.9,,0,,,,False,1222.0,2990.0,1150.0,230000.0,,1200.0,,,real,real
麻江县,黔东南苗族侗族自治州,2009,20.0,20.0,,0,,,,False,1222.0,2600.0,1000.0,200000.0,-30000.0,1840.0,-31840.0,-31.84,real,real
麻江县,黔东南苗族侗族自治州,2010,21.0,20.0,,1,,,,False,1222.0,2730.0,1050.0,210000.0,10000.0,1600.0,8400.0,8.4,real,real
麻江县,黔东南苗族侗族自治州,2011,21.0,20.3,,1,,,,False,1222.0,2730.0,1050.0,210000.0,0.0,1680.0,-1680.0,-1.68,real,real
麻江县,黔东南苗族侗族自治州,2012,22.0,20.0,,1,,,,False,1226.0,2860.0,1100.0,220000.0,10000.0,1680.0,8320.0,8.32,real,real
黄平县,黔东南苗族侗族自治州,2008,36.0,33.6,,0,,,,False,1668.0,4680.0,1800.0,360000.0,,1760.0,,,real,real
黄平县,黔东南苗族侗族自治州,2009,36.0,34.0,,0,,,,False,1668.0,4680.0,1800.0,360000.0,0.0,2880.0,-2880.0,-2.88,real,real
黄平县,黔东南苗族侗族自治州,2010,38.0,35.0,,1,,,,False,1670.0,4940.0,1900.0,380000.0,20000.0,2880.0,17120.0,17.12,real,real
黄平县,黔东南苗族侗族自治州,2011,39.0,35.6,,1,,,,False,1668.0,5070.0,1950.0,390000.0,10000.0,3040.0,6960.0,6.96,real,real
黄平县,黔东南苗族侗族自治州,2012,38.0,37.0,,1,,,,False,1668.0,4940.0,1900.0,380000.0,-10000.0,3120.0,-13120.0,-13.12,real,real
黎平县,黔东南苗族侗族自治州,2008,51.0,47.9,,0,,,,False,4441.0,6630.0,2550.0,510000.0,,3040.0,,,real,real
黎平县,黔东南苗族侗族自治州,2009,51.0,48.0,,0,,,,False,4441.0,6630.0,2550.0,510000.0,0.0,4080.0,-4080.0,-4.08,real,real
黎平县,黔东南苗族侗族自治州,2010,52.0,49.0,,1,,,,False,4422.0,6760.0,2600.0,520000.0,10000.0,4080.0,5920.0,5.92,real,real
黎平县,黔东南苗族侗族自治州,2011,53.0,49.9,,1,,,,False,4441.0,6890.0,2650.0,530000.0,10000.0,4160.0,5840.0,5.84,real,real
黎平县,黔东南苗族侗族自治州,2012,53.0,47.0,,1,,,,False,4441.0,6890.0,2650.0,530000.0,0.0,4240.0,-4240.0,-4.24,real,real
黔西县,毕节市,2008,88.0,71.1,,0,,,,False,2554.0,11440.0,4400.0,880000.0,,4240.0,,,real,real
黔西县,毕节市,2009,85.0,68.0,,0,,,,False,2554.0,11050.0,4250.0,850000.0,-30000.0,7040.0,-37040.0,-37.04,real,real
黔西县,毕节市,2010,87.0,72.0,,1,,,,False,2555.0,11310.0,4350.0,870000.0,20000.0,6800.0,13200.0,13.2,real,real
黔西县,毕节市,2011,89.0,74.3,,1,,,,False,2381.0,11570.0,4450.0,890000.0,20000.0,6960.0,13040.0,13.04,real,real
黔西县,毕节市,2012,95.0,80.0,,1,,,,False,2381.0,12350.0,4750.0,950000.0,60000.0,7120.0,52880.0,52.88,real,real
龙里县,黔南布依族苗族自治州,2008,22.0,18.5,,0,,,,False,1521.0,2860.0,1100.0,220000.0,,7600.0,,,real,real
龙里县,黔南布依族苗族自治州,2009,22.0,19.0,,0,,,,False,1521.0,2860.0,1100.0,220000.0,0.0,1760.0,-1760.0,-1.76,real,real
龙里县,黔南布依族苗族自治州,2010,22.0,19.0,,1,,,,False,1520.0,2860.0,1100.0,220000.0,0.0,1760.0,-1760.0,-1.76,real,real
龙里县,黔南布依族苗族自治州,2011,22.0,18.8,,1,,,,False,1521.0,2860.0,1100.0,220000.0,0.0,1760.0,-1760.0,-1.76,real,real
龙里县,黔南布依族苗族自治州,2012,22.0,19.0,,1,,,,False,1521.0,2860.0,1100.0,220000.0,0.0,1760.0,-1760.0,-1.76,real,real
